
create extension if not exists "uuid-ossp";

drop table if exists vendor_xny, product_mcn, vendor_product_info_1je, car_lhv, vendor_car_info_hzu cascade;

create table vendor_xny
(
    id      uuid primary key,
    name    text,
    phone   text
);

create table product_mcn
(
    id              uuid primary key,
    model           text,
    category        text,
    brand           text,
    score           numeric,
    screen_material text,
    screen_size     int,
    height          int,
    width           int,
    weight          int,
    sales_start     int,
    sales_end       int,
    os              text,
    color           text
);

create table vendor_product_info_1je
(
    vendor_id uuid references vendor_xny,
    product_id uuid references product_mcn,
    price numeric,
    quantity int,
    primary key (product_id, vendor_id)
);

create table car_lhv
(
    id                uuid primary key,
    model             text,
    body_volume       int,
    lifting_capacity  int
);

create table vendor_car_info_hzu
(
    vendor_id uuid references vendor_xny,
    car_id uuid references car_lhv,
    quantity int,
    primary key (car_id, vendor_id)
);

insert into vendor_xny values
('a852346d-bffd-42a0-8be0-beaa535f5647', 'ПАО ЛазаревскоеТорг', '(991)719-62-60'),
('20697196-78b9-49eb-872e-07819055bce1', 'ТСЖ Костин', '(984)098-66-19'),
('3741e72e-8e91-439b-9daa-bb0a6d6c0c2e', 'AO ЖиганскТрейдТрейд', '(993)342-13-68'),
('43c74588-6965-412d-b0c0-83416a68d50a', 'ГУП Агафья', '(944)015-25-36'),
('4591076a-0911-4dfe-beaf-35d784e4875f', 'ПАО Капустин', '(928)216-55-62'),
('8f7c06f8-f513-48ab-bb17-6a17393961ca', 'ПАО ИнкорпорэйтедГруппПром', '(955)439-65-93'),
('511115ed-306c-445b-8fa9-bbc345c3d74e', 'AO Старая РуссаЛимитедИнкорпорэйтед', '(968)269-88-30'),
('5e4f39af-8b79-4501-8f95-8227a2dba901', 'AO ЛимитедСистемсТорг', '(922)610-87-35'),
('f77c0cce-73c1-4603-80e6-478c3d87ff88', 'ЗАО ИнкорпорэйтедПромТрейд', '(916)147-76-15'),
('feb9832e-3dad-4796-8da3-b0d27c804796', 'МУП Никифоров', '(972)203-55-43'),
('31fc516a-919c-4cea-a135-b675148cdcfd', 'ООО Верхнее ПенжиноСнабПромТорг', '(978)438-31-52'),
('7bea6566-77fa-40ea-9292-87a9c56f14ad', 'ОАО РусРусТрейд', '(937)896-28-32'),
('08a5f8c5-71a3-4f9d-8ad7-1957cc4941ad', 'НКО ИнкорпорэйтедРус', '(919)007-07-33'),
('d98be1ce-9058-4a74-aa36-ee988275ec86', 'ФГУП Бобров', '(941)891-86-54'),
('31d02aff-40e7-4ef0-be96-ffe6d3158e3c', 'AO АлапаевскЛимитед', '(967)797-19-32'),
('ded1f5c4-25d4-4532-8391-19ddacd110f5', 'ИП Савельев', '(922)763-49-70'),
('cf71bbe4-33bb-41ee-a4f1-65a784819d8f', 'ГУП Ирина', '(974)622-58-98'),
('49fb1637-9136-49e8-8f90-54014e545a18', 'ОП Анжелика', '(986)546-65-22'),
('944505a7-0cdd-4def-9554-a3d02779d462', 'ОП Самсон', '(953)602-95-89'),
('304875a8-ee90-40ac-b0b2-3b2e16dc75bf', 'ИП Кириллов', '(978)659-38-04'),
('9ebbe0f8-a944-498d-92e7-4fe4303a935a', 'ГУП Конон', '(995)886-89-24'),
('3177ebc8-0ece-4079-8ed6-32265e5f729b', 'ОП СистемсГрупп', '(994)860-71-09'),
('a4802d86-b43f-4015-a47b-45e00600efcf', 'МУП Лидия', '(954)872-32-17'),
('06fc26e8-1141-4ce2-b4b6-6dfaed3b3eb3', 'ОАО ВитимЛимитедЛимитед', '(958)221-47-15'),
('2746e34f-6cec-4ecd-998b-7b3dffd69d28', 'ОАО СбытТрейд', '(912)239-53-27'),
('e89cee34-3314-4d2e-a5e8-993fab45a825', 'ОАО ГаличГруппИнкорпорэйтедСистемс', '(935)272-80-45'),
('64f32f6a-9be8-4d81-a4b9-30d32718f94e', 'ОАО Евпраксия', '(906)096-97-18'),
('6fb3e13e-52d8-44a0-925d-2c1b18b5cb52', 'ООО Виноградов', '(972)731-50-20'),
('14aa59d9-35bf-45e3-ae56-c74f8e72ad8e', 'ПАО Селезнев', '(982)927-01-05'),
('56816587-8d19-4aba-abe9-e059beda082b', 'AO Игнатов', '(981)268-92-81');

insert into product_mcn values
('c60dcf67-0fe7-4816-ba8d-c842496a4a74', 'Piping Plover A65', 'ноутбуки', 'Apple', 2, 'пластик', 13, 165, 273, 1919, 2020, 2021, 'iOS', 'черный'),
('aa8b1e00-98e7-4360-929c-c620b2232bc8', 'Common Pochard H98', 'мониторы', 'Dell', 1, 'стекло', 20, 215, 433, 1243, 2020, 2022, 'Linux', 'серый'),
('36fbf41c-0641-46ad-94f2-da3dd1562b93', 'Buff-collared Nightjar T55', 'смартфоны', 'HUAWEI', 2, 'пластик', 6, 138, 69, 216, 2023, null, 'Android', 'зеленый'),
('ebddad9d-97e8-473b-9e73-32ccfa5b0de6', 'Redwing N51', 'часы', 'HONOR', 4, 'стекло', 1, 19, 18, 77, 2016, 2020, 'Android', 'черный'),
('f6744273-d2b8-4565-a573-43c8ca0574c7', 'Thick-billed Parrot R98', 'часы', 'Xiaomi', 5, 'пластик', 1, 19, 16, 71, 2021, 2023, 'Android', 'зеленый'),
('7d118164-01ff-426a-9be2-77a6632d47f2', 'Wedge-tailed Shearwater N77', 'смартфоны', 'Samsung', 4, 'пластик', 7, 161, 78, 230, 2020, 2023, 'Android', 'серый'),
('fb20e302-5149-4a56-b847-476545bba985', 'Double-crested Cormorant T5', 'ноутбуки', 'Dell', 2, 'стекло', 16, 211, 368, 1066, 2019, 2021, 'Windows', 'черный'),
('b4a3f9bd-5b57-43f6-b11e-1840fe33bb05', 'Xantus''s Hummingbird I12', 'часы', 'HUAWEI', 3, 'стекло', 2, 36, 30, 32, 2019, 2023, 'Android', 'красный'),
('0df52e09-d9f2-43ad-b89c-31360eb34d3d', 'Horned Puffin H80', 'смартфоны', 'realme', 4, 'пластик', 9, 208, 104, 200, 2014, 2017, 'Android', 'красный'),
('74d57431-bb8e-4242-b621-212746341934', 'Least Auklet N96', 'ноутбуки', 'Apple', 2, 'стекло', 15, 198, 344, 1454, 2015, 2016, 'iOS', 'красный'),
('1fa04df7-b324-4139-b87b-eb799e80ffbc', 'Tundra Swan X44', 'смартфоны', 'POCO', 5, 'пластик', 9, 209, 99, 296, 2022, 2024, 'Android', 'белый'),
('eb278efb-28ea-430b-8caa-1c5efa1ea03b', 'White-eared Hummingbird G23', 'электронные книги', 'Digma', 3, 'пластик', 11, 249, 116, 158, 2020, 2024, 'Android', 'красный'),
('fe1130f2-58e8-422b-b007-38b1453bcfee', 'Aplomado Falcon Q7', 'ноутбуки', 'Xiaomi', 2, 'пластик', 16, 213, 356, 1246, 2020, 2024, 'Windows', 'зеленый'),
('d4722ae3-549a-4da1-915d-c8adbc5052bc', 'Whiskered Screech-Owl Q35', 'смартфоны', 'Meizu', 5, 'стекло', 9, 206, 103, 236, 2019, 2020, 'Android', 'синий'),
('6dc093e3-9332-40a7-a760-f58076e1c333', 'Northern Beardless-Tyrannulet Y17', 'мониторы', 'ASUS', 5, 'пластик', 33, 402, 878, 2075, 2021, 2024, 'Android', 'красный'),
('720f36f3-4636-41e9-8e8d-0451591f1365', 'Trumpeter Swan P90', 'смартфоны', 'realme', 3, 'стекло', 7, 161, 72, 217, 2016, 2018, 'Android', 'зеленый'),
('e3e2a813-45e1-440f-84c1-09068df64242', 'European Turtle-Dove W88', 'ноутбуки', 'Acer', 5, 'стекло', 13, 174, 306, 1346, 2020, 2024, 'Linux', 'зеленый'),
('beaab727-06d2-435d-b225-a4e9dbb1eaa6', 'Orchard Oriole K11', 'часы', 'Xiaomi', 3, 'стекло', 1, 19, 19, 60, 2023, null, 'Android', 'черный'),
('a7ed8f4f-0abe-47b1-bc4b-eb82043fdad3', 'Strickland''s Woodpecker X31', 'электронные книги', 'Digma', 3, 'пластик', 9, 200, 94, 171, 2020, 2021, 'Android', 'синий'),
('4015a713-d014-4501-b541-650a03167695', 'Mugimaki Flycatcher H17', 'мониторы', 'Samsung', 4, 'стекло', 23, 243, 536, 2834, 2022, null, 'Android', 'черный'),
('329451bc-742a-4a06-94cb-5bb2c3af4399', 'Yellow-throated Vireo N19', 'часы', 'Redmi', 5, 'стекло', 1, 19, 18, 79, 2018, 2021, 'Android', 'синий'),
('5df60e86-63c2-463c-8818-2476770923b6', 'Smew U34', 'электронные книги', 'Bookeen', 2, 'пластик', 9, 208, 108, 167, 2019, 2021, 'Android', 'черный'),
('4205977d-a093-4af7-85ce-ddb4886e81dd', 'Greater Yellowlegs N89', 'мониторы', 'MSI', 1, 'стекло', 27, 297, 676, 2372, 2019, 2023, 'Linux', 'красный'),
('41994381-4dc3-42bf-9136-61d9499fe90d', 'Thick-billed Parrot H81', 'смартфоны', 'Google', 4, 'пластик', 9, 205, 103, 126, 2018, 2020, 'Android', 'черный'),
('d0127149-46b8-4c8c-a3dd-fca86773d694', 'Barn Swallow V76', 'электронные книги', 'Digma', 2, 'пластик', 8, 180, 80, 184, 2020, 2022, 'Android', 'желтый'),
('e839c6d3-279e-4796-911c-a0f23a1afaca', 'Yellow Wagtail S31', 'часы', 'Samsung', 3, 'стекло', 1, 20, 18, 34, 2020, 2022, 'Android', 'синий'),
('07e8d865-4ce3-4eec-acd8-f3f0a4a71219', 'Bobolink G49', 'часы', 'Amazfit', 1, 'пластик', 1, 21, 17, 94, 2019, 2022, 'Android', 'желтый'),
('07222820-f93c-4519-90e0-e32a4f69e7b1', 'Willet Q55', 'часы', 'Samsung', 4, 'пластик', 2, 41, 40, 33, 2014, 2016, 'Android', 'желтый'),
('d2c1f173-c2ab-40ab-871c-064e0d6d6aea', 'Short-tailed Hawk S9', 'часы', 'Xiaomi', 3, 'пластик', 1, 19, 18, 65, 2023, null, 'Android', 'синий'),
('0369c23b-d94e-4644-b201-661ec1a28cfd', 'Smith''s Longspur N17', 'электронные книги', 'PocketBook', 4, 'стекло', 8, 186, 86, 265, 2021, null, 'Android', 'черный'),
('0b5cce7c-69ae-4ce6-9ec6-87714f8d33ed', 'Rufous-crowned Sparrow C99', 'ноутбуки', 'Lenovo', 1, 'стекло', 16, 209, 366, 1038, 2018, 2022, 'Windows', 'красный'),
('ae6b568e-edb9-4f04-a19f-63c07429eb91', 'Chimney Swift F65', 'смартфоны', 'Sony', 2, 'стекло', 5, 114, 53, 124, 2020, 2023, 'Android', 'черный'),
('d1d104a3-3666-4a7a-b519-b23836ab3dbf', 'Tufted Duck O55', 'ноутбуки', 'MSI', 4, 'стекло', 13, 172, 287, 1432, 2023, 2024, 'Windows', 'черный'),
('652976d7-ced1-43a0-92d1-b15fecbae156', 'Thick-billed Vireo I76', 'часы', 'Redmi', 4, 'стекло', 1, 19, 18, 50, 2017, 2018, 'Android', 'черный'),
('26bf1e08-5b22-4e6b-a87a-23cb1b35f8f8', 'Xantus''s Hummingbird E38', 'ноутбуки', 'Dell', 1, 'пластик', 13, 173, 296, 1004, 2017, 2021, 'Linux', 'черный'),
('baf7b0f0-0836-4907-864a-d128e9e0f347', 'Black Rail U53', 'ноутбуки', 'MSI', 1, 'стекло', 15, 194, 333, 1604, 2014, 2015, 'Windows', 'красный'),
('9a197acd-43a8-4dbe-bb32-30ead5546ce9', 'Black-tailed Godwit U63', 'мониторы', 'Dell', 3, 'стекло', 31, 311, 628, 1355, 2019, 2023, 'Linux', 'серый'),
('8487092b-d145-4518-9f80-0e9a42556d42', 'Mexican Jay J59', 'электронные книги', 'TeXet', 4, 'стекло', 12, 271, 145, 184, 2015, 2017, 'Android', 'синий'),
('908a45c5-0508-437a-95ca-b7551f61ef51', 'Franklin''s Gull D69', 'часы', 'HONOR', 2, 'стекло', 2, 41, 34, 71, 2021, 2023, 'Android', 'зеленый'),
('4cfa4b78-aa9c-4e9d-b3ca-5aa395418010', 'Atlantic Puffin J94', 'смартфоны', 'Sony', 5, 'пластик', 6, 137, 62, 241, 2016, 2018, 'Android', 'красный'),
('0c5dcd03-6aa7-462f-a5b0-e881acf7a10c', 'Greater Prairie-chicken N12', 'мониторы', 'Lenovo', 4, 'стекло', 25, 279, 543, 2440, 2015, 2018, 'Android', 'синий'),
('a292a74a-0821-45b2-a1e3-1860b245dcaa', 'Lesser Scaup P55', 'часы', 'Amazfit', 1, 'пластик', 2, 40, 32, 88, 2015, 2016, 'Android', 'красный'),
('04f270f3-156c-4986-b0dd-8f1cd32c7436', 'American Pipit C91', 'мониторы', 'Samsung', 2, 'пластик', 30, 318, 664, 2865, 2021, 2022, 'Android', 'синий'),
('dff4701e-5da5-44ce-86ad-08e572b83bc3', 'Varied Bunting M8', 'ноутбуки', 'Lenovo', 3, 'стекло', 13, 165, 272, 1818, 2015, 2017, 'Windows', 'черный'),
('7a6699a7-7f35-4ba7-8c38-6afb9d7816ff', 'Common Redpoll F71', 'мониторы', 'Samsung', 3, 'стекло', 27, 274, 509, 2005, 2014, 2017, 'Linux', 'белый'),
('52837fb3-fb67-4bf2-b0c2-a1f46a9a00cb', 'Bald Eagle T60', 'электронные книги', 'Irbis', 5, 'пластик', 9, 204, 110, 170, 2015, 2019, 'Android', 'зеленый'),
('9c9caa71-90a4-4aa6-b79a-e38762dc9f89', 'Steller''s Sea-Eagle F15', 'мониторы', 'ASUS', 4, 'стекло', 24, 264, 612, 2315, 2018, 2020, 'Android', 'зеленый'),
('d6484f2e-04d3-4e71-a42b-ec1aa66cc686', 'Pygmy Nuthatch K44', 'электронные книги', 'PocketBook', 4, 'пластик', 5, 112, 58, 285, 2021, null, 'Android', 'белый'),
('9a3b487b-3994-4964-ae8c-2edccce4d2e0', 'Red-necked Phalarope P94', 'мониторы', 'Samsung', 2, 'пластик', 26, 282, 646, 1370, 2016, 2019, 'Android', 'серый'),
('0f0ffb35-fad8-4000-9c14-31475edc1262', 'Gray-cheeked Thrush D29', 'часы', 'Redmi', 4, 'стекло', 2, 39, 34, 90, 2019, 2023, 'Android', 'зеленый'),
('a0b4e54d-8ae6-453a-ab42-8ef499d7d618', 'Ruddy Turnstone L45', 'смартфоны', 'Apple', 3, 'стекло', 8, 186, 91, 117, 2017, 2019, 'iOS', 'черный'),
('f2135474-255e-4a15-86d9-6b4cdd65a851', 'Indigo Bunting S37', 'смартфоны', 'OnePlus', 4, 'стекло', 6, 137, 63, 167, 2022, null, 'Android', 'желтый'),
('dc901ce5-eb97-472a-9d05-65e377a760a5', 'Falcated Duck Q78', 'ноутбуки', 'Apple', 5, 'стекло', 17, 216, 355, 1044, 2023, null, 'iOS', 'серый'),
('33bb4cf3-bd96-4a5a-968e-9bbbb9058795', 'Oriental Scops-Owl H85', 'ноутбуки', 'MSI', 1, 'пластик', 13, 169, 284, 1475, 2018, 2019, 'Linux', 'черный'),
('1ff2eea8-9a22-4b47-b3dd-d09307ac931e', 'Vesper Sparrow Q5', 'мониторы', 'LG', 4, 'пластик', 24, 297, 652, 2756, 2017, 2018, 'Android', 'черный'),
('3aefae45-db23-40d4-9c88-7c21ce0ccf94', 'Rose-throated Becard L23', 'смартфоны', 'HONOR', 2, 'стекло', 5, 117, 56, 300, 2024, null, 'Android', 'красный'),
('53e35af5-d6e4-4515-98d1-cca1f85a1180', 'Short-tailed Hawk U38', 'смартфоны', 'Sony', 1, 'пластик', 5, 116, 56, 230, 2021, 2024, 'Android', 'черный'),
('45fbfcb4-fffb-4420-8e8e-57b2b81eeb4a', 'Bridled Titmouse D65', 'электронные книги', 'PocketBook', 4, 'пластик', 11, 245, 132, 265, 2022, 2023, 'Android', 'зеленый'),
('1946f6c7-03b5-45f7-bb49-43264e51c56f', 'Swamp Sparrow C83', 'мониторы', 'LG', 5, 'пластик', 21, 219, 400, 2376, 2021, 2022, 'Android', 'красный'),
('99742323-80c8-4b7e-912a-7e2ff9490671', 'Swainson''s Thrush W24', 'электронные книги', 'Irbis', 2, 'пластик', 7, 162, 74, 169, 2022, null, 'Android', 'красный'),
('98aa41f3-a67a-4fe1-b6c8-180900380460', 'Limpkin L36', 'часы', 'HONOR', 5, 'пластик', 2, 37, 34, 48, 2022, null, 'Android', 'красный'),
('e6d688b7-a585-40b9-b832-52cb7cc02cd2', 'Brown-capped Rosy-Finch J23', 'электронные книги', 'Bookeen', 3, 'стекло', 7, 159, 87, 218, 2021, 2024, 'Android', 'черный'),
('fcc97ac7-b215-4f99-9f64-99e1184a9fba', 'Greater White-fronted Goose T76', 'электронные книги', 'Amazon', 2, 'стекло', 10, 226, 111, 228, 2019, 2020, 'Android', 'синий'),
('159c021a-a107-476a-aa2d-cee217d19a40', 'California Gnatcatcher F69', 'часы', 'HUAWEI', 3, 'пластик', 1, 20, 19, 70, 2023, null, 'Android', 'черный'),
('b4cbec48-d201-479d-9c39-e180219031c7', 'Merlin C12', 'смартфоны', 'Sony', 5, 'стекло', 6, 138, 64, 247, 2019, 2022, 'Android', 'черный'),
('ff611296-78d9-4ac5-ac1f-ed0df04fd7c1', 'Peregrine Falcon S95', 'мониторы', 'ASUS', 2, 'пластик', 21, 256, 579, 2242, 2022, null, 'Android', 'черный'),
('69842e90-0b85-4467-8a23-02b9738b73f8', 'Oak Titmouse S45', 'ноутбуки', 'Lenovo', 2, 'пластик', 17, 213, 369, 1108, 2016, 2017, 'Linux', 'черный'),
('8d8d9ae3-8b27-4e27-8af1-adef964a795f', 'White-crowned Sparrow K17', 'часы', 'Redmi', 2, 'стекло', 2, 37, 36, 29, 2017, 2019, 'Android', 'красный'),
('b9d24e15-acd9-4834-bdfa-45c57f973e7f', 'Golden-fronted Woodpecker U76', 'часы', 'HONOR', 4, 'пластик', 2, 41, 39, 97, 2016, 2018, 'Android', 'черный'),
('a78b21af-48b4-4ca6-9087-03e69095cdbe', 'Pine Warbler E28', 'электронные книги', 'Amazon', 3, 'пластик', 6, 135, 72, 178, 2022, 2024, 'Android', 'белый'),
('b324fba0-491d-4d86-ab6e-94c4a3c863a9', 'Black-and-white Warbler U35', 'мониторы', 'Lenovo', 1, 'пластик', 32, 349, 698, 1276, 2017, 2021, 'Android', 'синий'),
('6aa22945-39f1-4132-bf9b-333741aab4fd', 'Willow Flycatcher K72', 'часы', 'HONOR', 4, 'пластик', 2, 38, 33, 42, 2022, 2024, 'Android', 'черный'),
('74f21310-db71-46cc-ac2a-b3d581371d0c', 'Plain-capped Starthroat D50', 'мониторы', 'ASUS', 3, 'стекло', 34, 366, 719, 2507, 2016, 2018, 'Android', 'зеленый'),
('3c432c68-2cb9-4c41-a33a-bee2cefa262b', 'Sulphur-bellied Flycatcher L23', 'мониторы', 'Acer', 4, 'стекло', 27, 331, 673, 2069, 2022, 2024, 'Linux', 'желтый'),
('4f4221d6-749b-4fd4-b1f3-6a757ebdabb7', 'Seaside Sparrow Z88', 'смартфоны', 'Apple', 5, 'стекло', 7, 160, 79, 289, 2014, 2016, 'iOS', 'черный'),
('c863cdc4-e8ef-48ad-bce9-1050c9e41dbd', 'Fish Crow H55', 'электронные книги', 'Bookeen', 3, 'пластик', 11, 245, 133, 133, 2022, 2023, 'Android', 'синий'),
('9291a6aa-845e-4036-a2a2-2e28843e0d2a', 'Yellow-throated Warbler S69', 'электронные книги', 'TeXet', 3, 'стекло', 5, 114, 55, 145, 2019, 2022, 'Android', 'синий'),
('821008c7-6624-423e-9730-d760085392ea', 'Black-billed Magpie H33', 'ноутбуки', 'Apple', 5, 'пластик', 15, 194, 326, 1314, 2018, 2022, 'iOS', 'зеленый'),
('67b5d582-f506-47b1-bc08-e07ebf88be74', 'Bahama Mockingbird J2', 'ноутбуки', 'Dell', 4, 'стекло', 15, 195, 317, 1835, 2020, 2021, 'Windows', 'синий'),
('cbc08dc9-33d6-43e8-a64f-615cbe1bb860', 'Northern Harrier D90', 'часы', 'Apple', 5, 'пластик', 1, 19, 16, 76, 2023, null, 'iOS', 'серый'),
('8913d933-b4c8-40f4-9990-e5453e6d331b', 'Tree Swallow A24', 'часы', 'Samsung', 4, 'стекло', 1, 19, 16, 97, 2022, null, 'Android', 'зеленый'),
('ed41d0a5-c83f-4cab-9cb3-3c90c94284a8', 'Nuttall''s Woodpecker Q44', 'электронные книги', 'Amazon', 4, 'пластик', 11, 253, 120, 284, 2015, 2016, 'Android', 'желтый'),
('b6cdb932-e554-4709-b765-03034ed57dc8', 'Brant S11', 'ноутбуки', 'Xiaomi', 2, 'пластик', 14, 183, 318, 1081, 2018, 2021, 'Linux', 'красный'),
('1f380ea2-8bda-4ac5-b237-2b650a4270b8', 'Hooded Warbler R32', 'смартфоны', 'Xiaomi', 2, 'стекло', 6, 137, 67, 138, 2023, null, 'Android', 'серый'),
('f4be050b-1e4e-4be5-9533-2c0d06ddabf0', 'Horned Grebe B44', 'электронные книги', 'Amazon', 5, 'стекло', 12, 268, 133, 151, 2022, null, 'Android', 'синий'),
('36b227b8-63c4-4173-a31d-52db39ffe665', 'Bendire''s Thrasher P30', 'ноутбуки', 'Lenovo', 3, 'пластик', 15, 196, 327, 1241, 2015, 2017, 'Windows', 'зеленый'),
('029a39a0-278b-453d-8001-ccf51a356d12', 'Wood Thrush Q93', 'часы', 'Apple', 2, 'стекло', 2, 38, 30, 89, 2016, 2020, 'iOS', 'зеленый'),
('bc4179f0-22ec-4818-befb-a65b6c7b902e', 'Little Bunting P31', 'смартфоны', 'HUAWEI', 3, 'стекло', 6, 139, 68, 108, 2017, 2018, 'Android', 'черный'),
('c8662cc1-dd3a-48ee-a50e-b63ce610288c', 'Gray Kingbird D79', 'электронные книги', 'Bookeen', 5, 'стекло', 7, 163, 77, 135, 2022, 2023, 'Android', 'желтый'),
('ea001ec5-03bf-4eae-9235-8c9aedeba3a5', 'White-throated Sparrow L65', 'электронные книги', 'Irbis', 5, 'пластик', 10, 226, 118, 127, 2014, 2016, 'Android', 'серый'),
('fd318a26-a324-4278-a145-2000d39cf2d9', 'Violet-green Swallow K30', 'ноутбуки', 'HP', 2, 'стекло', 15, 194, 322, 1914, 2019, 2021, 'Windows', 'желтый'),
('c6ff3cec-53dc-44b5-a6bd-38e130332f9c', 'Clay-colored Robin T92', 'ноутбуки', 'Acer', 4, 'пластик', 15, 192, 323, 1218, 2023, null, 'Windows', 'зеленый'),
('ca8c9b18-7d6c-4e94-86cd-6bf292f4acb9', 'Mexican Chickadee P67', 'смартфоны', 'Oppo', 1, 'стекло', 9, 208, 98, 239, 2023, null, 'Android', 'белый'),
('d411b0fe-a4be-48d8-b0ae-be7b9388065e', 'Red Phalarope M99', 'электронные книги', 'PocketBook', 4, 'стекло', 12, 271, 138, 180, 2018, 2021, 'Android', 'желтый'),
('5df1afe5-08e5-4147-9d71-2335dc74166d', 'Gray-spotted Flycatcher S90', 'мониторы', 'ASUS', 1, 'стекло', 25, 286, 572, 1526, 2023, null, 'Android', 'синий'),
('4e01ef29-dc8c-4741-817c-5bbfcd8e93f2', 'Swainson''s Thrush S45', 'мониторы', 'Dell', 4, 'стекло', 20, 206, 394, 1991, 2022, 2023, 'Linux', 'серый'),
('b694ee42-da21-4614-b554-314b177421aa', 'Bluethroat V50', 'ноутбуки', 'MSI', 5, 'пластик', 15, 188, 318, 1521, 2017, 2020, 'Windows', 'зеленый'),
('c21d4f74-4b71-4729-b168-789d33adb826', 'Blue-winged Warbler E44', 'электронные книги', 'Bookeen', 5, 'стекло', 9, 203, 100, 235, 2022, null, 'Android', 'желтый'),
('5a7f33f2-dd11-40ca-abeb-71934061ef8a', 'Gull-billed Tern F67', 'электронные книги', 'PocketBook', 3, 'пластик', 9, 205, 97, 272, 2021, null, 'Android', 'черный'),
('fac949d8-f21a-4179-bb46-f8f6373e63c4', 'Le Conte''s Thrasher V7', 'электронные книги', 'PocketBook', 1, 'пластик', 11, 250, 138, 159, 2014, 2015, 'Android', 'белый'),
('ee47f5e3-3839-407b-9baf-cb02bfbdd48e', 'Red Knot Q95', 'мониторы', 'Samsung', 2, 'стекло', 20, 219, 462, 1424, 2020, 2021, 'Android', 'зеленый'),
('da53c0fd-2cbf-4e9c-89d1-ec9f6d6b57e7', 'Red-necked Phalarope I89', 'ноутбуки', 'Lenovo', 2, 'пластик', 15, 195, 320, 1674, 2015, 2016, 'Linux', 'черный'),
('b00960f7-7b03-4146-8dfe-4c86537dc421', 'Rose-throated Becard F73', 'электронные книги', 'Irbis', 2, 'пластик', 11, 248, 114, 140, 2016, 2019, 'Android', 'желтый'),
('59ddcbe2-d6dd-4075-bb61-2e435471a2c9', 'Common Ringed Plover Q38', 'мониторы', 'ASUS', 4, 'пластик', 32, 371, 852, 1288, 2016, 2017, 'Linux', 'черный'),
('ca260d37-a589-4434-afae-f453e8c2c3db', 'White-breasted Nuthatch Y86', 'электронные книги', 'Bookeen', 1, 'стекло', 10, 227, 111, 107, 2021, 2022, 'Android', 'зеленый'),
('dbc9a4dc-f288-456a-9249-fcf0ab272bf9', 'Pine Bunting G76', 'смартфоны', 'Samsung', 3, 'стекло', 7, 162, 78, 211, 2020, 2023, 'Android', 'красный'),
('64e04c2f-1190-412d-bbf7-4b6d4ed47c83', 'Mongolian Plover D77', 'ноутбуки', 'HP', 5, 'пластик', 14, 188, 331, 1926, 2017, 2021, 'Linux', 'синий'),
('1afddfbf-96a8-46f1-8ccf-407da22698e3', 'Tennessee Warbler G33', 'мониторы', 'Samsung', 3, 'пластик', 22, 231, 529, 1007, 2019, 2021, 'Linux', 'белый'),
('328795d1-808d-4809-a7a3-0c8e6de09b62', 'Black-capped Gnatcatcher C64', 'часы', 'Amazfit', 1, 'пластик', 2, 39, 34, 92, 2015, 2016, 'Android', 'белый'),
('6b194227-8c33-464d-a073-a15ae3186af6', 'Eurasian Dotterel A87', 'ноутбуки', 'Lenovo', 2, 'стекло', 15, 194, 324, 1164, 2015, 2017, 'Windows', 'зеленый'),
('9ed25629-ab32-4a37-8611-9a02fe99483f', 'Blue-headed Vireo K34', 'мониторы', 'LG', 3, 'пластик', 32, 363, 758, 2612, 2019, 2023, 'Linux', 'синий'),
('d1d4470d-dea1-4098-aa4b-c6d526f1b051', 'White-tailed Ptarmigan T50', 'электронные книги', 'Bookeen', 1, 'пластик', 11, 251, 122, 100, 2023, null, 'Android', 'белый'),
('1543be24-839d-4373-a3cd-bd29abae0226', 'Fork-tailed Flycatcher L50', 'смартфоны', 'OnePlus', 2, 'стекло', 5, 115, 55, 157, 2021, 2022, 'Android', 'серый'),
('2263b6ed-80c7-4120-816b-aa1fa78a65cf', 'Glaucous Gull L91', 'ноутбуки', 'HP', 2, 'стекло', 14, 176, 306, 1487, 2017, 2020, 'Windows', 'синий'),
('87199009-2525-499f-add2-8d342eb18d90', 'Mallard W41', 'смартфоны', 'Apple', 2, 'пластик', 6, 139, 69, 293, 2018, 2020, 'iOS', 'синий'),
('f7e2ae9b-86ff-492f-8c75-594a1981c31a', 'Lesser Nighthawk H44', 'часы', 'Samsung', 5, 'стекло', 2, 41, 38, 12, 2014, 2016, 'Android', 'черный'),
('fb544ac3-3107-4e0b-84d0-a772c286a9aa', 'Hooded Merganser G5', 'смартфоны', 'Samsung', 1, 'стекло', 6, 139, 62, 289, 2022, 2024, 'Android', 'черный'),
('a8a62af0-bfc7-4ca2-b279-cf02452079f6', 'Crimson-collared Grosbeak N78', 'электронные книги', 'Bookeen', 5, 'стекло', 12, 275, 141, 240, 2019, 2022, 'Android', 'красный'),
('c162e5ae-e09b-4478-bed3-02c15e2e8e3d', 'Roseate Tern R61', 'мониторы', 'Lenovo', 3, 'стекло', 30, 338, 643, 1550, 2018, 2021, 'Android', 'желтый'),
('1bb324aa-2c4c-45d4-90b2-ca0442d27270', 'Black Phoebe O57', 'смартфоны', 'HUAWEI', 4, 'стекло', 7, 162, 78, 173, 2016, 2018, 'Android', 'красный'),
('d2372937-e42a-47c3-9bf5-a4655379e292', 'Sora B12', 'смартфоны', 'POCO', 4, 'пластик', 7, 163, 77, 206, 2017, 2019, 'Android', 'желтый'),
('67208fef-3e39-4e68-bf39-e62fce148c7c', 'American Golden-Plover E45', 'ноутбуки', 'Xiaomi', 1, 'пластик', 17, 226, 390, 1622, 2018, 2019, 'Windows', 'черный'),
('ce5932bf-ab72-4351-9e1b-0bfacdf887c5', 'Little Gull F81', 'смартфоны', 'Sony', 4, 'пластик', 6, 137, 69, 298, 2017, 2018, 'Android', 'желтый'),
('aa2d1a8b-a200-4893-8455-f5d99333b1ad', 'Rose-throated Becard N4', 'часы', 'Xiaomi', 5, 'стекло', 2, 41, 35, 100, 2018, 2021, 'Android', 'красный'),
('ed5caa15-941e-485d-8b86-850200647a03', 'Swainson''s Thrush Z37', 'мониторы', 'Acer', 1, 'пластик', 29, 300, 644, 2383, 2016, 2017, 'Linux', 'зеленый'),
('b03869f7-cb98-4536-a024-fb072ec64129', 'Dickcissel I88', 'мониторы', 'MSI', 4, 'пластик', 20, 233, 420, 2528, 2023, null, 'Android', 'белый'),
('fe465765-0535-454c-ad5a-318687de0862', 'Yellow-bellied Sapsucker L76', 'электронные книги', 'Irbis', 5, 'пластик', 10, 224, 103, 119, 2015, 2017, 'Android', 'серый'),
('3eb04f76-ff4a-4c02-9fd1-a20d983c8309', 'Black-billed Magpie F40', 'часы', 'Redmi', 3, 'пластик', 1, 20, 19, 81, 2020, 2021, 'Android', 'черный'),
('d8f70a7e-546c-4b79-a7c0-fa4c6b4b413a', 'Tropical Kingbird T24', 'ноутбуки', 'HP', 2, 'пластик', 14, 187, 332, 1799, 2017, 2019, 'Windows', 'желтый'),
('24a9f342-67b5-429c-94c3-a4db89412cd7', 'Pigeon Guillemot U79', 'смартфоны', 'Sony', 5, 'стекло', 8, 182, 85, 161, 2015, 2019, 'Android', 'зеленый'),
('86e4b84a-9360-4f30-8893-d6970757eb04', 'Spotted Owl S98', 'часы', 'Amazfit', 2, 'пластик', 2, 41, 39, 12, 2019, 2023, 'Android', 'синий'),
('ebbb3cdb-d4b9-49c7-b460-275445cc6bf9', 'Blue-winged Teal G65', 'часы', 'Apple', 2, 'пластик', 2, 39, 39, 33, 2017, 2020, 'iOS', 'синий'),
('71a0d1d3-4f48-48ea-b0e7-0b37a84444f6', 'Brown-crested Flycatcher F46', 'ноутбуки', 'MSI', 2, 'стекло', 15, 193, 324, 1597, 2017, 2020, 'Windows', 'желтый'),
('9a973ad6-80cf-4961-a3e5-7f52de3e12d3', 'Thick-billed Parrot H89', 'ноутбуки', 'Xiaomi', 3, 'пластик', 13, 174, 293, 1458, 2017, 2018, 'Linux', 'синий'),
('7ca66a1e-8dcf-41da-9ec0-158ff972d331', 'Arctic Tern T13', 'смартфоны', 'Xiaomi', 5, 'пластик', 9, 208, 103, 156, 2018, 2019, 'Android', 'красный'),
('90cd49b2-8ce8-42c3-a34f-531939622a9b', 'Western Kingbird F29', 'мониторы', 'Dell', 3, 'стекло', 31, 335, 626, 2168, 2017, 2018, 'Android', 'синий'),
('fac6a98b-bb4e-4052-93b5-ec679a831ba5', 'Eastern Towhee R28', 'часы', 'Apple', 1, 'пластик', 1, 20, 18, 81, 2019, 2021, 'iOS', 'серый'),
('5ba65ac1-039c-43e5-82f6-e6a1241c77b3', 'Black Swift F73', 'электронные книги', 'TeXet', 3, 'пластик', 11, 251, 125, 226, 2018, 2019, 'Android', 'белый'),
('39a36c6e-6fb1-4f7c-ab84-a481b54b08dd', 'Black-capped Gnatcatcher I88', 'часы', 'Redmi', 5, 'пластик', 1, 21, 21, 80, 2017, 2021, 'Android', 'зеленый'),
('913898d6-8d3c-43d7-a2ce-874637dac55d', 'Varied Thrush N13', 'часы', 'HONOR', 3, 'стекло', 1, 19, 19, 55, 2017, 2021, 'Android', 'зеленый'),
('383f6313-63ed-4a85-be83-b6a22ee722ee', 'Eurasian Kestrel S48', 'электронные книги', 'Bookeen', 1, 'пластик', 6, 134, 72, 258, 2022, null, 'Android', 'зеленый'),
('013c2315-22d6-41da-b5be-9fecf5aa17e1', 'King Eider U76', 'часы', 'HUAWEI', 1, 'пластик', 2, 41, 34, 93, 2021, 2022, 'Android', 'белый'),
('88526dad-c248-459d-a363-40c826d47066', 'Northern Saw-whet Owl C25', 'часы', 'Xiaomi', 2, 'стекло', 2, 37, 29, 90, 2020, 2023, 'Android', 'черный'),
('be5b1002-2073-4f76-a4eb-3866d71f878a', 'Greater Prairie-chicken C76', 'ноутбуки', 'HP', 4, 'пластик', 14, 179, 305, 1773, 2024, null, 'Windows', 'желтый'),
('5928a9e9-8e30-4dd0-8b06-05bfe6716565', 'Carolina Wren G57', 'электронные книги', 'Digma', 1, 'стекло', 10, 224, 105, 182, 2018, 2019, 'Android', 'серый'),
('35991a7c-d6de-418c-8ecd-64a2338a3bd2', 'Brown Shrike J41', 'мониторы', 'Samsung', 5, 'стекло', 28, 298, 570, 1795, 2019, 2023, 'Android', 'белый'),
('94e5902d-d874-49ba-95ab-00934e4f842d', 'Nuttall''s Woodpecker F86', 'часы', 'Redmi', 1, 'стекло', 1, 21, 21, 45, 2017, 2020, 'Android', 'черный'),
('4a3e7e38-4146-43a1-862b-714541da6610', 'Lesser Frigatebird P44', 'мониторы', 'HP', 3, 'стекло', 22, 260, 570, 1300, 2017, 2019, 'Android', 'красный'),
('39415213-2cc3-414d-8e79-deeed8e4deac', 'Snowy Egret J13', 'мониторы', 'Dell', 3, 'стекло', 26, 267, 548, 2264, 2019, 2020, 'Linux', 'зеленый'),
('cd250c25-6b1e-455a-b81a-7e6199b15970', 'American Avocet B36', 'ноутбуки', 'ASUS', 5, 'пластик', 17, 226, 380, 1161, 2015, 2019, 'Windows', 'зеленый'),
('708f0358-1d59-4e35-8d17-da884eb4bd9e', 'Swallow-tailed Kite P75', 'часы', 'Samsung', 5, 'стекло', 2, 39, 39, 24, 2016, 2018, 'Android', 'черный'),
('415ea5bb-9f1b-41be-a2a2-95f242877395', 'Palm Warbler B59', 'электронные книги', 'PocketBook', 4, 'стекло', 9, 200, 102, 256, 2015, 2017, 'Android', 'черный'),
('2f9ca76a-cb44-4a82-95a1-f82b9c33c428', 'Hermit Warbler A96', 'мониторы', 'Samsung', 2, 'стекло', 34, 384, 737, 2480, 2019, 2022, 'Linux', 'желтый'),
('d3c4b1ee-8380-492a-85c9-3ddd06464a6d', 'Fox Sparrow P97', 'смартфоны', 'HONOR', 1, 'стекло', 6, 138, 64, 116, 2020, 2022, 'Android', 'зеленый'),
('677a6168-175f-4f4b-9f18-384b8d742687', 'White-headed Woodpecker D7', 'мониторы', 'HP', 5, 'пластик', 28, 325, 627, 1633, 2022, 2024, 'Linux', 'зеленый'),
('5008d489-5c93-4957-b54a-5e6e0ed2c8c0', 'Greater Shearwater S55', 'ноутбуки', 'HP', 1, 'пластик', 14, 188, 324, 1230, 2015, 2017, 'Linux', 'серый'),
('508ff35c-b66e-4076-bcc6-59adf4b570fe', 'Common Chaffinch W64', 'мониторы', 'Acer', 4, 'стекло', 27, 290, 593, 2228, 2020, 2022, 'Linux', 'желтый'),
('3def65fe-ba42-4428-971f-99d7cab7f9c6', 'Smooth-billed Ani S22', 'ноутбуки', 'Xiaomi', 3, 'стекло', 13, 170, 274, 1254, 2015, 2017, 'Linux', 'черный'),
('58cd4453-d117-4b19-ab59-586c07a4593b', 'Northern Pintail E37', 'ноутбуки', 'Lenovo', 3, 'стекло', 13, 175, 283, 1927, 2016, 2017, 'Linux', 'желтый'),
('99f741f1-09fa-4d0e-b6fc-a3cad8a920c9', 'Juniper Titmouse I72', 'смартфоны', 'POCO', 2, 'стекло', 6, 139, 65, 182, 2014, 2017, 'Android', 'желтый'),
('c0e745f0-0da2-42dd-ab33-5d602a8ef91b', 'Prairie Warbler G92', 'электронные книги', 'PocketBook', 5, 'пластик', 9, 201, 107, 109, 2022, 2023, 'Android', 'желтый'),
('2a0955de-b1c6-4b4d-a717-6278811d98c4', 'Wilson''s Warbler I27', 'мониторы', 'LG', 4, 'стекло', 31, 379, 751, 2185, 2017, 2019, 'Android', 'синий'),
('830ab407-43a5-414c-a736-b41cc7869c0e', 'Scaly-naped Pigeon N59', 'мониторы', 'HP', 3, 'пластик', 25, 259, 573, 2369, 2018, 2019, 'Android', 'желтый'),
('2107a44e-c27e-4433-bc00-a4d624462724', 'Seaside Sparrow J50', 'электронные книги', 'Bookeen', 1, 'пластик', 12, 273, 133, 160, 2019, 2020, 'Android', 'синий'),
('17511a95-63c6-4f93-bc6e-07f2323a212a', 'Red-necked Grebe F18', 'ноутбуки', 'MSI', 5, 'пластик', 15, 191, 319, 1833, 2015, 2018, 'Windows', 'белый'),
('bc777921-9951-47a0-ba00-56ed9193e783', 'Canada Warbler M17', 'электронные книги', 'PocketBook', 1, 'стекло', 11, 249, 117, 251, 2022, 2023, 'Android', 'желтый'),
('9b06ac97-14d9-44cd-bf72-a74fef74e69a', 'Cassin''s Sparrow H65', 'смартфоны', 'HONOR', 4, 'стекло', 8, 186, 93, 235, 2023, null, 'Android', 'желтый'),
('970d310a-803e-4af0-aa83-e576cb99ed06', 'Green Jay J14', 'часы', 'Samsung', 1, 'стекло', 2, 41, 37, 93, 2017, 2018, 'Android', 'белый'),
('7cf3e5bd-de4f-48d9-889b-a9ce9898dc5b', 'Northern Pintail V57', 'электронные книги', 'TeXet', 2, 'пластик', 7, 160, 84, 281, 2023, 2024, 'Android', 'красный'),
('db0d2c63-88ad-405c-8be1-142aa3bb443c', 'Nashville Warbler W92', 'электронные книги', 'Irbis', 2, 'стекло', 10, 229, 116, 300, 2017, 2021, 'Android', 'серый'),
('0d7edb82-ffbc-4bd9-8845-fe11371dde1f', 'Arctic Warbler I30', 'смартфоны', 'Google', 5, 'пластик', 6, 138, 63, 231, 2018, 2021, 'Android', 'серый'),
('b58cf850-b468-47f3-b418-758711371f8c', 'Upland Sandpiper D79', 'электронные книги', 'Bookeen', 2, 'стекло', 10, 231, 105, 213, 2014, 2016, 'Android', 'белый'),
('92288fd9-6371-4e93-a01c-14a8224ae7fd', 'Parakeet Auklet Z35', 'ноутбуки', 'Apple', 2, 'пластик', 16, 202, 334, 1487, 2015, 2017, 'iOS', 'красный'),
('8a4fcce9-5c6d-4ff9-a208-30207d2618bc', 'Least Sandpiper F1', 'мониторы', 'MSI', 1, 'стекло', 25, 256, 456, 1569, 2017, 2021, 'Linux', 'красный'),
('a623addf-f14c-40d8-bce3-195333723070', 'Purple Sandpiper S71', 'электронные книги', 'Irbis', 3, 'стекло', 9, 209, 96, 179, 2016, 2019, 'Android', 'зеленый'),
('e0aa16f4-07ba-4da7-bf40-0b9268f5b0b7', 'Broad-winged Hawk R84', 'электронные книги', 'PocketBook', 4, 'пластик', 5, 112, 56, 256, 2022, 2023, 'Android', 'серый'),
('3f1f30ff-7e31-4882-aab3-651bd3ef33e8', 'Red-necked Stint M47', 'часы', 'Redmi', 5, 'пластик', 2, 37, 36, 84, 2021, 2024, 'Android', 'серый'),
('b20f31d6-2d37-48a1-b3fa-8135fa1418c1', 'Bridled Tern Q26', 'часы', 'Amazfit', 3, 'пластик', 1, 19, 18, 77, 2023, null, 'Android', 'красный'),
('ac76a433-07bf-4a74-a15d-dd10ac6970a4', 'Masked Duck N29', 'мониторы', 'HP', 3, 'пластик', 29, 355, 710, 1764, 2020, 2024, 'Linux', 'синий'),
('2edc08be-c362-4d25-aeff-cd3a5c4e72dd', 'Yellow-throated Vireo S17', 'смартфоны', 'HUAWEI', 1, 'пластик', 5, 117, 56, 144, 2015, 2019, 'Android', 'желтый'),
('d98fe4ec-30e6-4759-8bbd-673c42cbf3bb', 'Northern Cardinal Q50', 'ноутбуки', 'Dell', 3, 'пластик', 17, 213, 354, 1517, 2019, 2020, 'Windows', 'черный'),
('19295b16-42eb-4828-81b7-1dbff7289b54', 'Red-bellied Woodpecker Q47', 'мониторы', 'Lenovo', 5, 'пластик', 25, 269, 561, 2691, 2020, 2021, 'Android', 'белый'),
('6a1a3409-78c1-4fd6-b729-d30d58f887b7', 'Crescent-chested Warbler S32', 'электронные книги', 'TeXet', 4, 'пластик', 7, 163, 78, 238, 2017, 2018, 'Android', 'зеленый'),
('778d5cd0-a2fa-4f91-a9cf-5fc4abb67774', 'Common Black-Hawk O70', 'мониторы', 'ASUS', 3, 'пластик', 31, 335, 745, 2283, 2015, 2019, 'Linux', 'синий'),
('35161ab9-c137-4c0f-92bd-7958191192f8', 'Pechora Pipit T41', 'электронные книги', 'Digma', 1, 'пластик', 11, 253, 126, 244, 2016, 2020, 'Android', 'синий'),
('cf4f5e7e-8255-4580-b143-c06d3214dc8e', 'Bristle-thighed Curlew K93', 'смартфоны', 'Meizu', 2, 'пластик', 7, 163, 73, 175, 2015, 2018, 'Android', 'черный'),
('15db74a3-9078-4013-8ffb-d12aa23f2a1a', 'Yellow-headed Blackbird F79', 'смартфоны', 'Samsung', 4, 'пластик', 8, 186, 91, 155, 2014, 2017, 'Android', 'синий'),
('bc86ffbf-861b-4456-9348-ee2b21e5293e', 'Red-crowned Parrot Y96', 'электронные книги', 'PocketBook', 2, 'пластик', 7, 160, 72, 106, 2022, 2024, 'Android', 'черный'),
('ac8255a2-06d7-4dc3-8417-e3c4b4510966', 'Dusky Warbler R15', 'часы', 'HUAWEI', 4, 'стекло', 1, 18, 14, 66, 2018, 2021, 'Android', 'черный'),
('d0bb7409-09d7-4b42-86ce-2eca45ad6210', 'Black Swift I77', 'мониторы', 'LG', 1, 'пластик', 30, 351, 818, 1039, 2014, 2016, 'Linux', 'зеленый'),
('3672bb75-feae-4796-9c67-6dd339847493', 'Greater Yellowlegs V81', 'электронные книги', 'Irbis', 3, 'пластик', 7, 160, 87, 158, 2019, 2021, 'Android', 'черный'),
('a5635a87-c57b-48b6-a3e8-96244e1d7596', 'Eurasian Collared-Dove R70', 'ноутбуки', 'Dell', 5, 'стекло', 17, 212, 340, 1835, 2022, null, 'Linux', 'белый'),
('33bc7da7-822a-46f4-a5b1-3e769cc71155', 'Hooded Warbler P28', 'электронные книги', 'Irbis', 4, 'стекло', 8, 186, 98, 284, 2020, 2024, 'Android', 'зеленый'),
('25bd10e3-d459-4c37-9c6e-e9c0161feea6', 'Greater Scaup S97', 'часы', 'Redmi', 1, 'стекло', 2, 39, 31, 96, 2014, 2015, 'Android', 'черный'),
('1e9c0f1d-1a8c-407e-ac07-d8060eed8a06', 'Whooper Swan P7', 'ноутбуки', 'Dell', 2, 'стекло', 16, 206, 356, 1870, 2017, 2021, 'Linux', 'белый'),
('c1e7372b-9d78-418a-9c5d-3e14d362b733', 'Roseate Tern B82', 'часы', 'Xiaomi', 5, 'пластик', 2, 36, 29, 79, 2021, 2022, 'Android', 'синий'),
('43b1083e-bbd5-480f-8341-878fd9a4932e', 'Thick-billed Kingbird H10', 'электронные книги', 'Bookeen', 3, 'пластик', 11, 255, 141, 124, 2019, 2023, 'Android', 'белый'),
('2768f1cc-4049-4f19-ac61-40065ee39494', 'Buff-collared Nightjar Y45', 'мониторы', 'MSI', 4, 'стекло', 23, 241, 448, 2805, 2018, 2020, 'Android', 'желтый'),
('c9a3fadb-47be-4861-9c36-c87d7c1e60cf', 'Wandering Tattler V58', 'мониторы', 'Xiaomi', 5, 'стекло', 31, 335, 656, 1715, 2015, 2017, 'Linux', 'белый'),
('2cf6f416-6b6c-4798-83f4-6b2794e37851', 'Cape May Warbler Z24', 'ноутбуки', 'HP', 3, 'стекло', 15, 190, 332, 1867, 2022, 2024, 'Linux', 'черный'),
('e2702edc-2a59-453f-9163-f5683ad46d3c', 'Black-headed Grosbeak U92', 'часы', 'Amazfit', 4, 'стекло', 1, 19, 19, 66, 2023, null, 'Android', 'синий'),
('10637cac-7704-4668-a0ab-6cb895c80949', 'Cordilleran Flycatcher L87', 'часы', 'HUAWEI', 4, 'стекло', 1, 19, 17, 78, 2019, 2021, 'Android', 'серый'),
('329ac1d2-0621-434b-9fd5-05b56beddc53', 'Kirtland''s Warbler H32', 'смартфоны', 'HUAWEI', 4, 'стекло', 8, 185, 91, 295, 2015, 2017, 'Android', 'черный'),
('ede1ac08-c1b0-4d91-8f1e-89454a532659', 'Stilt Sandpiper G76', 'ноутбуки', 'Xiaomi', 5, 'пластик', 15, 198, 339, 1151, 2022, null, 'Windows', 'синий'),
('e61de3a7-a4dc-4c60-a4b8-b464c89d632c', 'Bahama Woodstar F19', 'электронные книги', 'Amazon', 1, 'стекло', 5, 113, 56, 102, 2021, 2024, 'Android', 'желтый'),
('ce927402-e637-4811-948e-3d2fc7ee0514', 'Tree Swallow P13', 'мониторы', 'Samsung', 2, 'стекло', 34, 421, 831, 1982, 2015, 2019, 'Linux', 'белый'),
('0030ff47-602d-4b1c-b954-fe475762273e', 'Least Storm-Petrel Z86', 'смартфоны', 'HONOR', 2, 'стекло', 7, 160, 76, 207, 2022, null, 'Android', 'синий'),
('08af4eea-9f80-48ad-8b65-06f4ea56acc5', 'Golden-crowned Warbler I87', 'часы', 'Apple', 3, 'пластик', 2, 38, 33, 95, 2014, 2018, 'iOS', 'желтый'),
('5c00841f-d803-40b9-bb61-867635c9f058', 'Tree Pipit D95', 'электронные книги', 'PocketBook', 1, 'стекло', 8, 178, 82, 114, 2020, 2022, 'Android', 'красный'),
('1f43926f-842b-439c-ad08-e951793b64aa', 'Common Cuckoo J50', 'ноутбуки', 'Lenovo', 4, 'пластик', 17, 227, 380, 1283, 2019, 2022, 'Windows', 'синий'),
('0d434755-d421-4fa4-9ccd-ea7eb6c28a2c', 'Gray Flycatcher B65', 'смартфоны', 'Google', 5, 'стекло', 8, 183, 88, 199, 2019, 2023, 'Android', 'черный'),
('f04d20fa-c8a2-4db9-92a8-4d883496302c', 'Great Egret F46', 'мониторы', 'LG', 5, 'пластик', 32, 362, 679, 1197, 2022, 2023, 'Android', 'зеленый'),
('0cbb5e22-d857-4460-8cee-e4faf77af164', 'Black Scoter K93', 'смартфоны', 'Xiaomi', 4, 'стекло', 8, 184, 88, 248, 2017, 2019, 'Android', 'красный'),
('389de6c0-e54b-43a4-823f-6607e49a82f6', 'MacGillivray''s Warbler F4', 'мониторы', 'Dell', 5, 'пластик', 30, 363, 786, 2846, 2019, 2021, 'Android', 'синий'),
('5c3730d1-2224-4aa2-b6b5-73c03a65d171', 'Eared Trogon S27', 'электронные книги', 'Digma', 2, 'пластик', 12, 272, 140, 120, 2018, 2019, 'Android', 'белый'),
('2d2572b3-44a2-4e43-94a8-6d97a79181fd', 'Pechora Pipit R57', 'часы', 'Xiaomi', 1, 'пластик', 2, 41, 37, 58, 2014, 2018, 'Android', 'зеленый'),
('a46f46cf-8501-4d2b-a9d8-39b276616c80', 'Bridled Tern F7', 'часы', 'Apple', 2, 'пластик', 2, 37, 33, 27, 2023, null, 'iOS', 'зеленый'),
('dd382947-91fb-4cf3-9e76-a9ab84b9dc4a', 'Brown Noddy D67', 'часы', 'HUAWEI', 4, 'стекло', 1, 20, 18, 56, 2014, 2017, 'Android', 'синий'),
('a5c9dffc-62ff-4f3e-9b88-e19788cf5353', 'Baltimore Oriole P20', 'электронные книги', 'Digma', 1, 'стекло', 11, 251, 118, 244, 2019, 2021, 'Android', 'желтый'),
('81d8295f-472b-434b-862f-3aaba1c762b2', 'Fork-tailed Swift W59', 'ноутбуки', 'Apple', 5, 'стекло', 17, 227, 378, 1179, 2018, 2022, 'iOS', 'синий'),
('469ef87e-a403-4404-ad43-20b0c18436c5', 'Eastern Meadowlark G6', 'ноутбуки', 'Acer', 1, 'стекло', 13, 171, 275, 1170, 2019, 2021, 'Windows', 'зеленый'),
('5ca8fe87-d90c-4fae-9368-de81e5fc7a46', 'Rock Sandpiper Y17', 'смартфоны', 'OnePlus', 5, 'стекло', 7, 162, 73, 287, 2019, 2023, 'Android', 'красный'),
('0129f087-a903-48b2-a373-7a8f9ab41f1f', 'Tennessee Warbler K58', 'ноутбуки', 'Xiaomi', 3, 'пластик', 14, 184, 324, 1407, 2021, 2022, 'Windows', 'белый'),
('6316d94a-f584-4a7b-a037-0f80e0035555', 'Barn Swallow G3', 'смартфоны', 'Apple', 4, 'стекло', 9, 205, 95, 260, 2023, null, 'iOS', 'синий'),
('d68acff6-7ba7-48db-bd48-737ef1d23d03', 'Wrentit H10', 'смартфоны', 'Samsung', 3, 'пластик', 8, 182, 89, 102, 2014, 2015, 'Android', 'синий'),
('6091d4c5-d2a4-4c7e-92d3-5d5b1ace04e1', 'Collared Plover K10', 'ноутбуки', 'Xiaomi', 2, 'пластик', 14, 177, 313, 1173, 2015, 2016, 'Linux', 'зеленый'),
('22501210-16db-409f-82f9-13663f5fea2f', 'Common Cuckoo W25', 'электронные книги', 'Digma', 4, 'стекло', 10, 223, 119, 153, 2018, 2022, 'Android', 'серый'),
('1888bd0d-cb87-42ae-9b52-dba9ea275b3f', 'Golden-fronted Woodpecker D51', 'ноутбуки', 'Apple', 3, 'пластик', 13, 165, 276, 1744, 2023, null, 'iOS', 'желтый'),
('e6c1a741-bdc0-458e-b5cb-e197f7babd99', 'Lark Bunting F46', 'часы', 'Amazfit', 2, 'пластик', 2, 40, 31, 44, 2019, 2023, 'Android', 'синий'),
('45d5aeb1-0ff4-4f98-8cbc-c34c2043acc4', 'Clark''s Nutcracker O97', 'ноутбуки', 'ASUS', 3, 'стекло', 15, 200, 338, 1866, 2020, 2023, 'Windows', 'красный'),
('00ae3aa9-18ca-4be3-8287-02843c3381f2', 'Bridled Tern K38', 'электронные книги', 'TeXet', 3, 'пластик', 6, 137, 64, 235, 2023, null, 'Android', 'зеленый'),
('d657596f-baab-40fb-91ff-2ab9f38134ee', 'Cory''s Shearwater A31', 'электронные книги', 'TeXet', 1, 'пластик', 11, 250, 111, 264, 2018, 2021, 'Android', 'красный'),
('a511158d-439a-41b7-820a-321556094248', 'Turkey Vulture L25', 'смартфоны', 'Oppo', 5, 'пластик', 7, 162, 79, 228, 2015, 2017, 'Android', 'синий'),
('41f03deb-9884-4f3f-b0d0-ebc648953804', 'Cinnamon Hummingbird V18', 'смартфоны', 'Google', 5, 'пластик', 8, 185, 89, 150, 2015, 2018, 'Android', 'белый'),
('59d69bf1-7bf2-48ee-9f9d-d66951121f18', 'California Quail E59', 'смартфоны', 'Meizu', 5, 'стекло', 9, 207, 97, 134, 2019, 2020, 'Android', 'желтый'),
('48fc1005-f5a7-470a-888e-02406efd2238', 'Plain Chachalaca X50', 'часы', 'Samsung', 5, 'стекло', 1, 20, 19, 29, 2017, 2021, 'Android', 'зеленый'),
('0655a6ea-84ca-4bb0-83bd-51fc19ef1e57', 'Great Blue Heron K21', 'мониторы', 'LG', 5, 'пластик', 24, 282, 582, 2660, 2015, 2019, 'Linux', 'черный'),
('5119a4de-d669-4f10-9a0b-aa3b5c26ba71', 'Red-crowned Parrot V15', 'мониторы', 'ASUS', 5, 'пластик', 22, 274, 492, 1552, 2020, 2024, 'Android', 'синий'),
('1c0d2cb2-fb3e-4f0b-8942-ada46a0489e7', 'Surf Scoter M90', 'электронные книги', 'Irbis', 2, 'пластик', 9, 205, 93, 283, 2015, 2019, 'Android', 'желтый'),
('7995d90c-b3b5-4ff8-a3f6-037be8c911de', 'Great Auk M42', 'смартфоны', 'POCO', 2, 'пластик', 6, 138, 62, 298, 2021, 2022, 'Android', 'черный'),
('fd2de530-619a-4f11-9c8e-591ea533d899', 'Siberian Flycatcher V9', 'мониторы', 'ASUS', 1, 'пластик', 33, 340, 741, 2127, 2016, 2020, 'Android', 'серый'),
('f305f112-d4c9-4e16-b360-e449d3c1d525', 'Buff-bellied Hummingbird Z57', 'ноутбуки', 'Dell', 4, 'пластик', 16, 207, 348, 1812, 2021, 2022, 'Windows', 'черный'),
('ba525bf9-9b72-4794-b84d-adffab4a3859', 'Great Skua Y51', 'мониторы', 'HP', 5, 'стекло', 25, 252, 536, 1977, 2021, 2023, 'Android', 'белый'),
('aeb8c397-4dcf-441a-be4d-6afef1ab2207', 'Parasitic Jaeger U11', 'электронные книги', 'TeXet', 4, 'стекло', 12, 279, 126, 122, 2017, 2021, 'Android', 'синий'),
('2589d5fa-94f7-476f-a9ce-efde4bd6d0c8', 'Ruddy Turnstone E25', 'мониторы', 'Acer', 2, 'пластик', 32, 336, 665, 1570, 2015, 2018, 'Linux', 'синий'),
('df602b48-49bc-4738-a517-52f7f5f33d01', 'Chipping Sparrow P36', 'ноутбуки', 'Xiaomi', 3, 'пластик', 15, 189, 331, 1131, 2017, 2019, 'Windows', 'черный'),
('fd4e239f-f064-4bdd-8274-8ab5b2ff9e93', 'Black-capped Petrel L2', 'мониторы', 'ASUS', 4, 'стекло', 34, 360, 836, 1298, 2017, 2019, 'Android', 'белый'),
('fc7a7f78-0689-4576-a222-3385fd5155a8', 'Canyon Wren L53', 'ноутбуки', 'Dell', 1, 'пластик', 16, 202, 349, 1647, 2015, 2018, 'Linux', 'серый'),
('2d6aaa9b-9c5c-47c9-b408-f9daa804783f', 'Chimney Swift N62', 'мониторы', 'Dell', 1, 'стекло', 21, 220, 424, 1864, 2015, 2016, 'Android', 'синий'),
('89c84fa1-15a7-4e0b-8a6a-d455f06478af', 'Yellow-throated Warbler X15', 'электронные книги', 'Amazon', 3, 'пластик', 11, 253, 125, 285, 2019, 2023, 'Android', 'белый'),
('c2008a0a-7642-4232-9003-bbfdd23f9588', 'Varied Thrush U92', 'ноутбуки', 'MSI', 1, 'пластик', 15, 198, 333, 1332, 2019, 2020, 'Linux', 'желтый'),
('e078b84e-0b2c-446f-b181-01096bfa94e9', 'Wandering Albatross T2', 'электронные книги', 'PocketBook', 1, 'пластик', 9, 209, 114, 134, 2023, 2024, 'Android', 'зеленый'),
('1e22aa0d-d395-47a0-b27c-8b5f9e99fd95', 'Yellow-billed Cuckoo I6', 'смартфоны', 'HUAWEI', 2, 'стекло', 7, 161, 77, 180, 2023, null, 'Android', 'черный'),
('1087d6ba-fed6-421c-807e-d52424aa72dc', 'Eastern Screech-Owl K53', 'электронные книги', 'Digma', 3, 'стекло', 6, 134, 66, 228, 2017, 2019, 'Android', 'красный'),
('8e2a8697-0b2b-4f6d-9850-843821b80655', 'Northern Mockingbird P72', 'смартфоны', 'Sony', 1, 'пластик', 9, 207, 95, 108, 2015, 2019, 'Android', 'желтый'),
('390a4c6d-5477-4f4a-bad4-658c4272cbc1', 'Gray Jay A92', 'ноутбуки', 'Xiaomi', 4, 'стекло', 17, 221, 355, 1630, 2015, 2019, 'Linux', 'красный'),
('e4636c99-92fd-4f16-bb43-c1d109b3bdf6', 'Northern Shoveler S85', 'часы', 'HUAWEI', 4, 'стекло', 1, 19, 17, 51, 2020, 2021, 'Android', 'синий'),
('9ec19747-c943-4a14-9698-226f2ef628cf', 'Sooty Shearwater J71', 'смартфоны', 'Oppo', 1, 'пластик', 7, 162, 78, 152, 2014, 2018, 'Android', 'белый'),
('6d3a2226-8ab8-42eb-ad64-2376b48c8885', 'Great Skua X81', 'электронные книги', 'Digma', 4, 'пластик', 8, 179, 87, 224, 2022, 2023, 'Android', 'серый'),
('9d22048f-50d7-41c5-a103-167a788c2333', 'Worthen''s Sparrow W76', 'мониторы', 'HP', 5, 'пластик', 26, 285, 522, 1866, 2014, 2017, 'Android', 'желтый'),
('5c524942-52d8-495a-aee1-1e3907f88e4d', 'Bushtit J94', 'часы', 'Samsung', 1, 'пластик', 2, 38, 36, 54, 2021, 2022, 'Android', 'белый'),
('d51abb92-746d-4352-8c77-505156e50234', 'Yellow Wagtail U87', 'мониторы', 'Samsung', 2, 'стекло', 33, 352, 735, 2177, 2014, 2017, 'Android', 'желтый'),
('aaf19701-5287-4650-b529-759db619745a', 'Rufous-capped Warbler X28', 'ноутбуки', 'MSI', 4, 'пластик', 16, 215, 349, 1052, 2023, null, 'Windows', 'серый'),
('c62e1da7-dfb7-445d-87f2-415af9f7faf9', 'Marbled Godwit F11', 'ноутбуки', 'Dell', 1, 'стекло', 16, 210, 362, 1592, 2022, 2023, 'Linux', 'черный'),
('df69658a-21f9-4a0c-90ca-41d2bf34ef79', 'Gray Flycatcher B43', 'часы', 'Samsung', 4, 'стекло', 1, 20, 19, 79, 2020, 2022, 'Android', 'желтый'),
('9b41b2c4-9e24-44c7-85c6-07f1ac25f060', 'Wandering Tattler N7', 'мониторы', 'LG', 5, 'пластик', 21, 243, 530, 1947, 2022, 2024, 'Linux', 'белый'),
('03cd020f-4fac-4606-a6f7-cff93afe6ec7', 'Brambling E74', 'мониторы', 'MSI', 4, 'пластик', 20, 202, 415, 1649, 2019, 2023, 'Linux', 'серый'),
('82f9e4e5-fb4f-4a64-94d7-113dd6f086e7', 'Short-eared Owl K88', 'мониторы', 'Lenovo', 1, 'стекло', 25, 286, 640, 1423, 2015, 2018, 'Android', 'желтый'),
('278668e0-a9fb-4a79-85dd-b1b7a327d917', 'Blue-footed Booby L95', 'мониторы', 'Acer', 5, 'пластик', 25, 298, 577, 2941, 2019, 2020, 'Android', 'красный'),
('f3614c66-a135-491c-8c54-cff7ae0efe75', 'Western Tanager Q13', 'ноутбуки', 'Dell', 3, 'стекло', 13, 163, 289, 1363, 2023, null, 'Linux', 'белый'),
('ff756e08-c15f-48bb-8d9d-bcd93c4248f0', 'Gray Bunting C24', 'электронные книги', 'Digma', 3, 'стекло', 9, 209, 112, 240, 2023, null, 'Android', 'серый'),
('6401efa6-099c-42b6-b3c2-2f5d02bec62d', 'White-crowned Pigeon J78', 'часы', 'HUAWEI', 2, 'пластик', 1, 19, 18, 85, 2018, 2021, 'Android', 'красный'),
('bcac0a28-9df4-4cb1-a54a-548571954acc', 'Northern Parula P78', 'ноутбуки', 'MSI', 5, 'стекло', 13, 173, 295, 1831, 2019, 2021, 'Windows', 'зеленый'),
('575df214-7122-49c1-8801-0e94f13c38f2', 'Black-backed Woodpecker N11', 'электронные книги', 'TeXet', 5, 'стекло', 10, 224, 105, 222, 2020, 2024, 'Android', 'зеленый'),
('7aa52f30-a673-4fef-b471-a0d795648449', 'Sabine''s Gull L12', 'ноутбуки', 'MSI', 1, 'стекло', 16, 212, 367, 1840, 2022, null, 'Linux', 'черный'),
('ab43458b-5a95-46f0-bd60-dd5bd73720a6', 'Verdin R40', 'электронные книги', 'Amazon', 4, 'пластик', 7, 159, 78, 120, 2022, 2023, 'Android', 'черный'),
('6d240ae4-3391-4796-8db2-152c7ec49479', 'Eurasian Siskin F11', 'ноутбуки', 'HP', 3, 'пластик', 16, 213, 349, 1691, 2023, null, 'Windows', 'черный'),
('43b4a872-158c-4a5c-99f0-5339b0fdaf06', 'Black-capped Petrel X82', 'мониторы', 'Lenovo', 3, 'стекло', 21, 245, 556, 2575, 2016, 2017, 'Linux', 'черный'),
('94f195e4-681e-4755-8678-63d306be3c13', 'Glossy Ibis Z8', 'мониторы', 'MSI', 1, 'стекло', 25, 263, 567, 1593, 2022, 2024, 'Linux', 'красный'),
('1d4cd72e-a7e3-476a-a6bc-6f0713a36cda', 'Northern Gannet R36', 'часы', 'Apple', 1, 'пластик', 2, 41, 38, 63, 2023, null, 'iOS', 'желтый'),
('91791bdd-85d4-4584-9d11-e433af7242f6', 'Lesser Black-backed Gull N19', 'смартфоны', 'Oppo', 4, 'пластик', 7, 160, 72, 226, 2023, 2024, 'Android', 'серый'),
('f72f3ace-9868-442a-8a35-4755922490eb', 'Mourning Warbler Q50', 'мониторы', 'Lenovo', 3, 'пластик', 27, 336, 633, 2979, 2016, 2017, 'Linux', 'желтый'),
('4f3bd5a4-392f-46c4-8e0f-4023fdcc74c8', 'Little Bunting A15', 'мониторы', 'MSI', 4, 'пластик', 33, 375, 773, 2373, 2021, 2022, 'Linux', 'зеленый'),
('37037914-c521-4022-b4a2-0dd7a1e385e4', 'Common Murre W54', 'часы', 'Samsung', 3, 'пластик', 2, 37, 33, 18, 2019, 2020, 'Android', 'зеленый'),
('c6740f29-3d86-4d1d-b372-6258164f1c78', 'Collared Plover H37', 'часы', 'Apple', 1, 'пластик', 2, 39, 36, 42, 2017, 2019, 'iOS', 'белый'),
('ed5d1809-2214-477d-be77-8d6670f00d64', 'Ash-throated Flycatcher C64', 'ноутбуки', 'Lenovo', 4, 'пластик', 15, 189, 305, 1485, 2018, 2021, 'Windows', 'серый'),
('45109190-061b-4c20-91ee-0a5ec7ac9905', 'Oriental Greenfinch D19', 'электронные книги', 'Digma', 3, 'стекло', 8, 179, 89, 127, 2015, 2019, 'Android', 'белый'),
('fe0e26a4-6bfe-4e22-bc44-5d53cc14317d', 'Couch''s Kingbird Y7', 'ноутбуки', 'Dell', 5, 'стекло', 16, 200, 353, 1351, 2014, 2016, 'Windows', 'синий'),
('8a99ad72-fc1f-4285-92fe-a02e0662d747', 'Slaty-backed Gull I35', 'ноутбуки', 'ASUS', 2, 'пластик', 17, 229, 372, 1476, 2021, 2023, 'Linux', 'синий'),
('d5b576a4-26bc-47a7-8a07-3c288a162caa', 'Red-flanked Bluetail X2', 'смартфоны', 'HUAWEI', 1, 'пластик', 9, 205, 92, 204, 2023, null, 'Android', 'белый'),
('37852b68-89fb-4a98-8eca-88ff3e475166', 'Black Skimmer Z4', 'ноутбуки', 'Acer', 1, 'пластик', 15, 191, 310, 1587, 2015, 2018, 'Windows', 'красный'),
('0f758a01-1b56-481a-8654-70af7123fd10', 'Ruddy Duck F21', 'мониторы', 'Acer', 3, 'пластик', 27, 328, 634, 1596, 2014, 2018, 'Linux', 'белый'),
('a78c718d-eb22-4333-957f-d38d19ac78f8', 'Yellow Grosbeak G8', 'ноутбуки', 'Acer', 2, 'пластик', 16, 213, 352, 1549, 2018, 2022, 'Windows', 'красный'),
('eabe4ce0-6ecd-4c05-8ac5-553954bcb051', 'Buff-collared Nightjar D9', 'электронные книги', 'Amazon', 1, 'стекло', 7, 162, 87, 204, 2022, 2024, 'Android', 'синий'),
('62d493ad-3845-462b-b516-99c8f5dd2d13', 'Tricolored Heron L88', 'электронные книги', 'PocketBook', 5, 'стекло', 6, 137, 73, 102, 2019, 2021, 'Android', 'серый'),
('46665ebd-754e-4c32-8d6c-de466e60df87', 'Great Skua W36', 'часы', 'HUAWEI', 1, 'пластик', 1, 19, 18, 55, 2023, null, 'Android', 'красный'),
('cb262ace-2a2f-4a7e-a06e-145e2c6602e6', 'Red-shouldered Hawk F70', 'мониторы', 'Xiaomi', 5, 'пластик', 24, 281, 619, 1826, 2015, 2019, 'Android', 'желтый'),
('702affae-271e-42c2-bb57-13c8ead31ebe', 'Ruby-throated Hummingbird V70', 'часы', 'Amazfit', 3, 'стекло', 1, 20, 20, 53, 2016, 2018, 'Android', 'серый'),
('1bc93820-00d6-42c5-9463-b7df7629fcb0', 'Tufted Flycatcher O76', 'электронные книги', 'TeXet', 4, 'пластик', 12, 273, 144, 267, 2019, 2020, 'Android', 'белый'),
('75a73936-610d-4c04-ac47-597c648fd564', 'Shy Albatross O11', 'мониторы', 'Xiaomi', 4, 'пластик', 24, 257, 532, 2033, 2024, null, 'Android', 'серый'),
('81a9c2fa-bde0-4dba-935e-c5d45d40d2d1', 'Gambel''s Quail Z26', 'смартфоны', 'POCO', 1, 'пластик', 6, 138, 63, 163, 2020, 2023, 'Android', 'красный'),
('6bc77e88-4021-4f55-80f0-fe217c0c94e7', 'Great Cormorant V91', 'смартфоны', 'realme', 3, 'стекло', 9, 209, 99, 200, 2015, 2019, 'Android', 'черный'),
('1929275c-6438-4eb7-a9ef-4d42d07cfa17', 'Gadwall C9', 'часы', 'Amazfit', 4, 'пластик', 1, 20, 17, 80, 2022, 2024, 'Android', 'черный'),
('392dbdc0-3679-4a5f-8926-bdde937c16d7', 'Audubon''s Shearwater A18', 'ноутбуки', 'Lenovo', 1, 'стекло', 17, 222, 388, 1624, 2024, null, 'Windows', 'серый'),
('ccf0f7be-21dd-420b-b406-42a83d115030', 'Glossy Ibis G11', 'электронные книги', 'Irbis', 4, 'стекло', 7, 162, 88, 143, 2020, 2021, 'Android', 'желтый'),
('313631d7-33ae-4d01-a871-f5a9b03a60ca', 'Variegated Flycatcher C54', 'ноутбуки', 'Apple', 3, 'стекло', 16, 200, 322, 1215, 2022, 2023, 'iOS', 'синий'),
('6a55baf5-8978-43ed-b210-0c332922c9a2', 'Baikal Teal X92', 'ноутбуки', 'ASUS', 2, 'стекло', 13, 175, 299, 1871, 2016, 2020, 'Windows', 'белый'),
('215b0a3d-62a7-4583-af08-dcd363bbc8fd', 'European Starling E65', 'электронные книги', 'Bookeen', 5, 'стекло', 11, 252, 142, 262, 2022, null, 'Android', 'синий'),
('419991eb-f040-41c6-8955-21ce6ed48e32', 'Masked Tityra Y77', 'мониторы', 'LG', 3, 'стекло', 27, 328, 765, 2010, 2015, 2018, 'Android', 'зеленый'),
('a64ef35a-755e-47c5-a85c-e88d5f6586b9', 'Sabine''s Gull W68', 'смартфоны', 'POCO', 5, 'стекло', 8, 183, 91, 224, 2022, null, 'Android', 'красный'),
('9074891a-b72f-46e4-8cd3-be1624903b83', 'Shiny Cowbird A71', 'мониторы', 'HP', 3, 'пластик', 26, 283, 530, 1054, 2016, 2018, 'Android', 'желтый'),
('36d6e09e-5564-49a8-914d-bb8c7e268733', 'Kirtland''s Warbler L56', 'смартфоны', 'Meizu', 1, 'стекло', 8, 184, 88, 143, 2016, 2019, 'Android', 'белый'),
('39c3b5c9-9bb9-4fdf-8d53-a6cc22688e8f', 'Carolina Wren Y61', 'мониторы', 'Samsung', 1, 'пластик', 23, 254, 546, 2285, 2015, 2017, 'Linux', 'синий'),
('e45bb73a-6c89-4b34-8d02-ce418155cb5d', 'Great Horned Owl S79', 'ноутбуки', 'Xiaomi', 5, 'пластик', 15, 188, 324, 1659, 2019, 2022, 'Linux', 'синий'),
('cb058972-7769-4cd4-8bd7-e23f77b32a81', 'Yellow-footed Gull P82', 'часы', 'Xiaomi', 2, 'стекло', 2, 38, 30, 80, 2023, null, 'Android', 'желтый'),
('87b269d1-d121-4b0b-bddc-8708d4df5145', 'Varied Bunting K32', 'электронные книги', 'Amazon', 3, 'стекло', 6, 139, 62, 103, 2022, null, 'Android', 'красный'),
('dc4d7b9e-2643-4bed-9e6d-777764ba545d', 'Bahama Woodstar R1', 'мониторы', 'Samsung', 4, 'пластик', 29, 316, 606, 1182, 2022, 2023, 'Android', 'серый'),
('72483ad7-ad7b-41d1-98a9-c7f5e56f14f8', 'Glaucous Gull D63', 'смартфоны', 'Sony', 1, 'пластик', 9, 208, 95, 126, 2019, 2022, 'Android', 'синий'),
('47d598ba-72db-48d0-92bb-a26c654b9c84', 'Blue Bunting R95', 'электронные книги', 'Irbis', 5, 'стекло', 6, 138, 76, 254, 2018, 2022, 'Android', 'красный'),
('7f42ab90-0c56-4ca7-a91c-6bce755b788d', 'Elf Owl B59', 'смартфоны', 'realme', 4, 'стекло', 5, 115, 55, 108, 2020, 2024, 'Android', 'красный'),
('76e1e151-7abb-4e77-8139-cbdb6ec36cc9', 'Oldsquaw X83', 'электронные книги', 'Amazon', 1, 'стекло', 10, 226, 100, 241, 2023, null, 'Android', 'серый'),
('6e75a400-f56c-45d7-b14c-bbaa25ce34ab', 'Greater Flamingo F17', 'часы', 'HONOR', 5, 'пластик', 2, 41, 34, 76, 2016, 2020, 'Android', 'зеленый'),
('7cb2abbd-8779-48a4-8e6d-e3b1cef8c5ab', 'Masked Tityra L10', 'часы', 'Amazfit', 3, 'пластик', 2, 40, 36, 42, 2019, 2023, 'Android', 'серый'),
('77dd98db-d48e-4881-83d0-cc5585ccce74', 'Loggerhead Shrike U84', 'электронные книги', 'TeXet', 3, 'пластик', 8, 184, 102, 268, 2016, 2019, 'Android', 'красный'),
('2a2a1b6a-7f0f-40b3-abb0-447b7d3f8a17', 'Western Gull R87', 'электронные книги', 'Irbis', 5, 'пластик', 5, 116, 55, 174, 2022, 2024, 'Android', 'зеленый'),
('095d333f-1e0d-4cc6-b862-d32e7b41a531', 'Eared Grebe V23', 'ноутбуки', 'HP', 3, 'стекло', 13, 167, 275, 1747, 2023, 2024, 'Windows', 'черный'),
('3e21e99b-7599-4076-bf2a-7a4743ff85ee', 'Black-headed Gull I24', 'ноутбуки', 'Lenovo', 1, 'пластик', 15, 192, 309, 1720, 2020, 2024, 'Windows', 'белый'),
('56a34b09-1d4d-44f5-bf01-33e1c0ae450b', 'Williamson''s Sapsucker P15', 'часы', 'Xiaomi', 1, 'пластик', 2, 40, 38, 88, 2018, 2019, 'Android', 'синий'),
('8aa69aa1-231e-4af1-8572-ea8d4f40e8f4', 'Red-bellied Woodpecker K87', 'часы', 'Samsung', 1, 'стекло', 1, 21, 18, 44, 2018, 2019, 'Android', 'синий'),
('afcd7325-6f7b-4f1d-b88f-1cac4f8fab22', 'Northern Hawk Owl A77', 'ноутбуки', 'Acer', 2, 'стекло', 17, 223, 390, 1690, 2019, 2023, 'Windows', 'черный'),
('55f23210-96f4-4d5c-90e8-5fe98c5d938a', 'Northern Hawk Owl K46', 'смартфоны', 'Meizu', 4, 'стекло', 5, 115, 56, 247, 2015, 2016, 'Android', 'зеленый'),
('bfc5ca73-c44c-49b4-978a-8db97e7ecf73', 'Pygmy Nuthatch E86', 'мониторы', 'Dell', 2, 'пластик', 22, 222, 440, 1793, 2016, 2018, 'Linux', 'красный'),
('b5299d8e-007a-4d7c-bb2a-7342994ef26c', 'Arctic Warbler D47', 'часы', 'Apple', 1, 'пластик', 1, 19, 15, 62, 2018, 2021, 'iOS', 'желтый'),
('cffe5316-4795-48be-b3bd-c61e427e91e2', 'Plumbeous Vireo V44', 'часы', 'Samsung', 1, 'пластик', 1, 19, 15, 80, 2015, 2018, 'Android', 'серый'),
('dd271f2d-5a1b-495f-ba15-fe2b20725f66', 'Masked Duck V83', 'ноутбуки', 'Acer', 2, 'пластик', 16, 204, 343, 1121, 2016, 2019, 'Linux', 'черный'),
('40d2b5e4-62c8-4f90-b961-c742e44175f5', 'Least Flycatcher V57', 'часы', 'Apple', 2, 'стекло', 1, 19, 18, 52, 2020, 2021, 'iOS', 'зеленый'),
('e9c3dcc5-3a4a-4400-8d71-edadc6568b3b', 'Black-headed Gull H3', 'смартфоны', 'Sony', 2, 'стекло', 5, 116, 56, 278, 2021, null, 'Android', 'зеленый'),
('c5520d90-b619-42c4-beb2-0ab1df65704e', 'Willow Ptarmigan W23', 'электронные книги', 'Bookeen', 2, 'пластик', 10, 226, 102, 190, 2015, 2016, 'Android', 'желтый'),
('964166fa-3955-408f-8de4-6966b81e1572', 'Iceland Gull X68', 'ноутбуки', 'Dell', 3, 'пластик', 15, 199, 352, 1771, 2018, 2019, 'Linux', 'красный'),
('eefd1b17-1722-449d-b2a9-b41f08b18c01', 'Alder Flycatcher P96', 'часы', 'HONOR', 4, 'стекло', 2, 38, 36, 30, 2020, 2023, 'Android', 'черный'),
('8bcd0a5f-3993-42f8-82e9-135c4f1c2f07', 'White Wagtail Q97', 'часы', 'Xiaomi', 3, 'пластик', 2, 41, 40, 87, 2016, 2017, 'Android', 'серый'),
('b7e342cb-dabc-494b-ad61-a08f6bac7e03', 'Budgerigar S94', 'ноутбуки', 'ASUS', 5, 'пластик', 13, 169, 289, 1132, 2018, 2019, 'Windows', 'белый'),
('ddcd3e0c-1527-4f41-a138-155ff0232653', 'Orchard Oriole P91', 'электронные книги', 'Bookeen', 2, 'стекло', 8, 180, 92, 106, 2018, 2022, 'Android', 'белый'),
('b91b4606-5766-4529-92e6-f9bc40fea2f8', 'Altamira Oriole W42', 'мониторы', 'LG', 4, 'пластик', 27, 301, 547, 1948, 2016, 2019, 'Android', 'белый'),
('b3d88e0b-9080-4485-b3d4-618f258fe2b1', 'Common Yellowthroat L97', 'смартфоны', 'Apple', 4, 'пластик', 9, 206, 93, 258, 2022, 2024, 'iOS', 'синий'),
('10b43039-0fe0-41bb-84db-c4c69bec1ab9', 'Merlin B61', 'электронные книги', 'Bookeen', 1, 'стекло', 5, 113, 51, 148, 2022, null, 'Android', 'серый'),
('1f6b6c02-47d4-48c2-ae81-9728a75ecb4b', 'American Bittern V3', 'ноутбуки', 'MSI', 5, 'пластик', 15, 193, 311, 1689, 2015, 2016, 'Windows', 'синий'),
('abd454f3-ef5b-4b83-88ec-6283a6f14dfe', 'Marbled Murrelet Q42', 'смартфоны', 'Xiaomi', 4, 'пластик', 5, 116, 56, 233, 2024, null, 'Android', 'красный'),
('4d0b7751-2f62-459b-b757-dfeadbbb67a1', 'Collared Plover Q60', 'электронные книги', 'Digma', 3, 'пластик', 6, 136, 76, 188, 2018, 2022, 'Android', 'серый'),
('de2a1dd8-1c75-48f7-87b6-f8d99ec96d15', 'Northern Harrier M62', 'электронные книги', 'Digma', 3, 'стекло', 10, 232, 109, 170, 2020, 2024, 'Android', 'черный'),
('a1dc4cc6-5c2a-4666-94e9-895f221de901', 'Aplomado Falcon Y67', 'смартфоны', 'Sony', 2, 'стекло', 9, 208, 98, 204, 2017, 2020, 'Android', 'зеленый'),
('bb215e1a-c64f-43f9-be71-f74246b11b9b', 'Greater White-fronted Goose D61', 'электронные книги', 'Amazon', 2, 'стекло', 10, 225, 114, 285, 2017, 2021, 'Android', 'черный'),
('3936ed34-2b65-48e5-be38-b864311b755a', 'White-collared Seedeater X45', 'ноутбуки', 'MSI', 3, 'стекло', 17, 214, 354, 1251, 2023, null, 'Linux', 'синий'),
('960834db-f67a-4858-ae19-acad80251091', 'Snail Kite H91', 'мониторы', 'Xiaomi', 5, 'стекло', 20, 237, 442, 1211, 2015, 2017, 'Android', 'черный'),
('aefdca0f-a069-434f-abed-20a0bd79da80', 'Snail Kite Z45', 'часы', 'Redmi', 4, 'стекло', 2, 39, 31, 75, 2015, 2016, 'Android', 'желтый'),
('914dadba-7fac-493f-84c7-4b92914b4945', 'White-throated Swift M92', 'мониторы', 'Xiaomi', 3, 'пластик', 27, 306, 564, 2949, 2016, 2019, 'Android', 'серый'),
('5455163c-c270-4556-9d13-7fa72e4f5200', 'Lazuli Bunting Y74', 'электронные книги', 'Amazon', 3, 'пластик', 7, 162, 79, 258, 2023, null, 'Android', 'синий'),
('823b20b4-ada7-45b7-8015-f4e63ed55b40', 'Audubon''s Oriole I8', 'электронные книги', 'PocketBook', 4, 'стекло', 12, 275, 151, 202, 2014, 2016, 'Android', 'синий'),
('2b6c05de-7dfb-4d0d-944f-bb871297a5fc', 'Ruddy Turnstone T78', 'ноутбуки', 'Apple', 3, 'пластик', 14, 183, 303, 1474, 2022, 2023, 'iOS', 'белый'),
('7858497d-df91-4d84-9701-3cb56155d2cc', 'Gray-breasted Martin I15', 'электронные книги', 'Bookeen', 1, 'стекло', 7, 161, 73, 246, 2018, 2022, 'Android', 'белый'),
('16093346-6b81-495f-b52b-b890178c293a', 'Northern Fulmar R58', 'смартфоны', 'Samsung', 1, 'пластик', 6, 139, 62, 117, 2018, 2019, 'Android', 'белый'),
('0ad67c3f-dd7e-4e66-9876-ad1faa4f939c', 'Jack Snipe K71', 'электронные книги', 'TeXet', 3, 'пластик', 12, 270, 147, 171, 2016, 2019, 'Android', 'синий'),
('482d4e13-df0c-464a-9488-14f64fb16c6b', 'Gilded Flicker Q1', 'смартфоны', 'Samsung', 3, 'стекло', 8, 186, 92, 153, 2022, 2023, 'Android', 'синий'),
('af4a4bd0-deea-45c6-aa47-e6fb17cfdcc8', 'Greater Scaup R68', 'электронные книги', 'Irbis', 3, 'пластик', 12, 270, 124, 155, 2023, null, 'Android', 'белый'),
('31b80f4f-68d0-4274-b122-6d7dbccee3ac', 'Scaly-naped Pigeon Q25', 'ноутбуки', 'MSI', 4, 'стекло', 15, 194, 316, 1949, 2019, 2023, 'Windows', 'белый'),
('caf1b328-4dad-48e7-842c-be4c669638f5', 'Limpkin B19', 'часы', 'Amazfit', 3, 'пластик', 2, 39, 39, 80, 2024, null, 'Android', 'черный'),
('4cebaeef-ff87-4bd1-9421-5a52d61b3181', 'California Gnatcatcher S58', 'электронные книги', 'Bookeen', 1, 'пластик', 9, 207, 99, 154, 2016, 2018, 'Android', 'желтый'),
('63430d16-0ef1-4be9-9c63-9b482a2faa1f', 'Pechora Pipit L91', 'электронные книги', 'Amazon', 3, 'стекло', 12, 274, 150, 295, 2024, null, 'Android', 'синий'),
('46b20df5-05d9-40bd-9866-52232eea09d6', 'Northern Harrier G5', 'часы', 'Samsung', 4, 'стекло', 2, 37, 35, 24, 2016, 2017, 'Android', 'черный'),
('91191755-b224-493d-b3a6-6a6f1de3fb94', 'Herald Petrel T98', 'мониторы', 'Acer', 2, 'пластик', 26, 289, 586, 1962, 2024, null, 'Android', 'серый'),
('f3ca2db8-a501-486b-a6a8-9bf84e825c5e', 'Canyon Wren S76', 'электронные книги', 'Digma', 5, 'пластик', 9, 209, 116, 251, 2020, 2023, 'Android', 'желтый'),
('136bafe6-fb95-4513-9b11-40ee4a1f06ed', 'Siberian Flycatcher N97', 'мониторы', 'MSI', 5, 'стекло', 27, 316, 722, 2574, 2019, 2022, 'Linux', 'красный'),
('07104f85-8436-439d-9ec0-9058a2055fd9', 'Black-backed Woodpecker K43', 'часы', 'Samsung', 3, 'стекло', 1, 21, 21, 52, 2018, 2020, 'Android', 'черный'),
('7e1233a8-ccbc-415a-93fb-a50769a12d33', 'Yellow-billed Loon G35', 'смартфоны', 'POCO', 2, 'пластик', 8, 183, 84, 183, 2017, 2019, 'Android', 'черный'),
('fa7f439d-0377-4bb6-a93b-56febd104a4a', 'Red-breasted Flycatcher T38', 'смартфоны', 'Meizu', 4, 'стекло', 7, 163, 81, 203, 2018, 2022, 'Android', 'красный'),
('b08e54f7-88e7-42e9-99de-dc48bb21ca37', 'Berylline Hummingbird N22', 'часы', 'Redmi', 1, 'пластик', 2, 40, 31, 99, 2018, 2021, 'Android', 'черный'),
('e9b973dd-4501-4276-9886-bc07b6f3ced6', 'Sabine''s Gull N71', 'смартфоны', 'HUAWEI', 3, 'стекло', 8, 184, 85, 249, 2018, 2019, 'Android', 'черный'),
('a58323a1-125d-4c13-bced-cb93fe9d7731', 'Thick-billed Murre U87', 'часы', 'HONOR', 3, 'стекло', 2, 41, 35, 37, 2015, 2016, 'Android', 'черный'),
('ba170e31-4511-480d-ab28-20b56a286fef', 'Pink-footed Shearwater P47', 'часы', 'HONOR', 4, 'стекло', 2, 39, 39, 68, 2022, null, 'Android', 'зеленый'),
('cbdf1ae4-d5e9-41f4-b2db-3d035c902168', 'Citrine Wagtail N67', 'ноутбуки', 'HP', 2, 'стекло', 14, 178, 300, 1557, 2016, 2018, 'Linux', 'зеленый'),
('61676cf9-c511-476e-8a6d-f482b9a86395', 'Bushtit W63', 'ноутбуки', 'HP', 2, 'пластик', 15, 201, 337, 1254, 2023, null, 'Linux', 'серый'),
('7b158995-9614-4337-9138-3a1b3aebe890', 'Worm-eating Warbler U9', 'мониторы', 'Dell', 1, 'пластик', 26, 268, 546, 1248, 2021, 2022, 'Android', 'синий'),
('b3a9c700-db60-411f-b43c-c4f023c58796', 'Wood Stork U35', 'ноутбуки', 'Apple', 2, 'пластик', 17, 215, 363, 1162, 2018, 2019, 'iOS', 'желтый'),
('33e41b16-24ea-4cad-a21e-c8a347508625', 'Western Sandpiper K48', 'часы', 'Xiaomi', 3, 'стекло', 1, 20, 19, 16, 2021, null, 'Android', 'красный'),
('a2086b17-6be0-4fd8-ae6a-5055bc200fb6', 'Field Sparrow Y65', 'ноутбуки', 'Xiaomi', 5, 'стекло', 15, 201, 328, 1365, 2016, 2018, 'Windows', 'серый'),
('cae89613-4e60-42c8-90fc-ec72dc0ecb1f', 'Common Raven N70', 'электронные книги', 'Amazon', 2, 'стекло', 12, 272, 130, 156, 2014, 2017, 'Android', 'белый'),
('dd3053e0-116e-472b-a348-53de0c66e923', 'Great Skua Y21', 'мониторы', 'LG', 5, 'стекло', 27, 295, 620, 1390, 2021, 2024, 'Linux', 'синий'),
('84c039b1-a0a2-4a13-8b9d-38fa1ae2e015', 'Redhead Y55', 'смартфоны', 'POCO', 3, 'стекло', 7, 162, 74, 169, 2023, 2024, 'Android', 'желтый'),
('fdbdee13-73c3-4fc7-b155-53d12be3dfde', 'Northern Lapwing E18', 'смартфоны', 'HUAWEI', 4, 'стекло', 7, 162, 74, 239, 2020, 2023, 'Android', 'серый'),
('1ce36509-4953-4986-bfa1-aab3c63f2150', 'Shiny Cowbird A9', 'мониторы', 'Xiaomi', 1, 'стекло', 29, 359, 729, 1611, 2023, null, 'Android', 'синий'),
('8f7cef8c-4134-45f2-8708-90703e7b2f50', 'Gray-crowned Rosy-Finch F84', 'электронные книги', 'Bookeen', 4, 'стекло', 9, 201, 89, 173, 2019, 2022, 'Android', 'серый'),
('15983f07-33d4-4f92-9841-99058bdf03e0', 'Eastern Towhee M92', 'ноутбуки', 'Dell', 3, 'стекло', 14, 176, 294, 1623, 2022, null, 'Linux', 'черный'),
('cedb17a9-3cf3-4372-b09b-d3f9ec595790', 'Mountain Plover C26', 'ноутбуки', 'HP', 2, 'стекло', 16, 207, 350, 1420, 2021, null, 'Windows', 'синий'),
('73ce195c-f15d-478c-8c80-518a5b981177', 'Long-tailed Jaeger M44', 'мониторы', 'Xiaomi', 2, 'пластик', 30, 301, 597, 2736, 2021, 2022, 'Linux', 'белый'),
('f3376246-3a02-4188-a732-836c4faba593', 'Black-vented Oriole I14', 'ноутбуки', 'ASUS', 1, 'стекло', 16, 200, 323, 1683, 2016, 2018, 'Linux', 'белый'),
('8212949a-969e-4f89-bbb2-1dbd90ba476f', 'Botteri''s Sparrow B45', 'смартфоны', 'HUAWEI', 3, 'пластик', 8, 184, 92, 249, 2023, null, 'Android', 'зеленый'),
('d14d4625-1672-485b-aa3a-4c7bd4081534', 'Parasitic Jaeger I28', 'часы', 'Samsung', 5, 'стекло', 2, 40, 40, 67, 2021, 2022, 'Android', 'серый'),
('509c8a6a-d86a-43a8-bb3e-73739021479a', 'Lesser Prairie-chicken E39', 'ноутбуки', 'Lenovo', 2, 'пластик', 15, 194, 322, 1585, 2014, 2017, 'Linux', 'зеленый'),
('f35a633e-98ed-4199-ba6c-06ff89ac885c', 'Lewis''s Woodpecker R54', 'ноутбуки', 'Lenovo', 3, 'стекло', 16, 214, 363, 1608, 2021, 2023, 'Windows', 'белый'),
('a629cccc-aed5-462a-9e0d-584b1d9ad3c7', 'Eurasian Oystercatcher L78', 'ноутбуки', 'Dell', 3, 'стекло', 17, 215, 348, 1936, 2020, 2024, 'Windows', 'синий');

insert into car_lhv values
('ea7a17d8-6acd-49cf-b40f-274965a575e0', 'Man E27', '28', '39'),
('393f2d82-0be5-4f8c-82ca-f647555b7f26', 'Isuzu Y34', '6', '7'),
('eadef978-9bf5-4275-8e51-e3a1afda35f8', 'МАЗ N54', '25', '26'),
('c274e7ec-c731-448d-b526-2467f08f3af5', 'DAF I64', '29', '43'),
('7b880b19-830f-4450-9162-8a2ed7c49660', 'Mercedes K14', '10', '14'),
('0ec61b39-d7c5-4d75-9ef6-ce39f521e4eb', 'Man A42', '11', '15'),
('0ddf112f-844a-41af-83bc-cd50c55d6dbb', 'Volvo K55', '11', '12'),
('e29ae724-e16c-4c7d-a9f8-a8e83aac5ec6', 'КАМАЗ R54', '18', '19'),
('3cf9310e-5b0e-4bf6-a127-3e2cdc178de2', 'ЗИЛ B74', '12', '18'),
('e06166b7-924b-493e-93be-d3127baa1d6f', 'ГАЗ J99', '12', '16'),
('c2822c15-cb40-4c86-bbb6-9d3d2b58cf21', 'DAF A37', '19', '26'),
('014a5713-313d-4b85-b599-165ed58ab002', 'Man N95', '11', '15'),
('462a4a1e-aeec-4acc-9956-a9729cc00a79', 'Isuzu C80', '26', '34'),
('115e5959-17d0-45cb-886b-78db80c396b5', 'Man U61', '11', '15'),
('8b648b8c-bc9e-4bfe-be57-6eab2734880b', 'Volvo H7', '13', '19'),
('88fb43bc-e9d2-4fc9-97c4-aaee462b6bea', 'Volvo Z10', '27', '33'),
('f8c7e515-0aad-4ad3-96af-ddda162981e1', 'ГАЗ Z56', '9', '11'),
('55420673-a9be-422d-b19c-150d2879fe58', 'Volvo D20', '20', '21'),
('89335621-466f-47a7-9b1f-a866e55bb8ef', 'Mercedes J70', '7', '10'),
('aa99de4a-79f1-424a-b57d-3ce96ab97131', 'Mercedes S47', '4', '6');

insert into vendor_product_info_1je values
('a852346d-bffd-42a0-8be0-beaa535f5647', '4015a713-d014-4501-b541-650a03167695', 62689, 4370),('a852346d-bffd-42a0-8be0-beaa535f5647', '8487092b-d145-4518-9f80-0e9a42556d42', 16422, 1154),('a852346d-bffd-42a0-8be0-beaa535f5647', 'ca8c9b18-7d6c-4e94-86cd-6bf292f4acb9', 46440, 2559),('a852346d-bffd-42a0-8be0-beaa535f5647', 'a511158d-439a-41b7-820a-321556094248', 196236, 4241),('a852346d-bffd-42a0-8be0-beaa535f5647', 'd51abb92-746d-4352-8c77-505156e50234', 42612, 9549),('a852346d-bffd-42a0-8be0-beaa535f5647', '6d240ae4-3391-4796-8db2-152c7ec49479', 152950, 1151),('a852346d-bffd-42a0-8be0-beaa535f5647', '0ad67c3f-dd7e-4e66-9876-ad1faa4f939c', 11592, 7377),('20697196-78b9-49eb-872e-07819055bce1', 'f3614c66-a135-491c-8c54-cff7ae0efe75', 163701, 3601),('20697196-78b9-49eb-872e-07819055bce1', 'c5520d90-b619-42c4-beb2-0ab1df65704e', 28080, 2226),('3741e72e-8e91-439b-9daa-bb0a6d6c0c2e', '1fa04df7-b324-4139-b87b-eb799e80ffbc', 141480, 3721),('3741e72e-8e91-439b-9daa-bb0a6d6c0c2e', '4015a713-d014-4501-b541-650a03167695', 57728, 5657),('3741e72e-8e91-439b-9daa-bb0a6d6c0c2e', '5df1afe5-08e5-4147-9d71-2335dc74166d', 120250, 7443),('3741e72e-8e91-439b-9daa-bb0a6d6c0c2e', 'f7e2ae9b-86ff-492f-8c75-594a1981c31a', 2806, 1778),('3741e72e-8e91-439b-9daa-bb0a6d6c0c2e', '2f9ca76a-cb44-4a82-95a1-f82b9c33c428', 88806, 6736),('3741e72e-8e91-439b-9daa-bb0a6d6c0c2e', 'dd382947-91fb-4cf3-9e76-a9ab84b9dc4a', 6708, 4865),('3741e72e-8e91-439b-9daa-bb0a6d6c0c2e', '9b41b2c4-9e24-44c7-85c6-07f1ac25f060', 26712, 6625),('3741e72e-8e91-439b-9daa-bb0a6d6c0c2e', '16093346-6b81-495f-b52b-b890178c293a', 17024, 8197),('43c74588-6965-412d-b0c0-83416a68d50a', 'c8662cc1-dd3a-48ee-a50e-b63ce610288c', 22440, 8179),('43c74588-6965-412d-b0c0-83416a68d50a', '94e5902d-d874-49ba-95ab-00934e4f842d', 15867, 6986),('43c74588-6965-412d-b0c0-83416a68d50a', '415ea5bb-9f1b-41be-a2a2-95f242877395', 20382, 4095),('43c74588-6965-412d-b0c0-83416a68d50a', 'a511158d-439a-41b7-820a-321556094248', 194814, 9146),('43c74588-6965-412d-b0c0-83416a68d50a', 'f305f112-d4c9-4e16-b360-e449d3c1d525', 214542, 2867),('43c74588-6965-412d-b0c0-83416a68d50a', '6d3a2226-8ab8-42eb-ad64-2376b48c8885', 22576, 4150),('43c74588-6965-412d-b0c0-83416a68d50a', '8a99ad72-fc1f-4285-92fe-a02e0662d747', 183309, 9730),('43c74588-6965-412d-b0c0-83416a68d50a', '16093346-6b81-495f-b52b-b890178c293a', 17689, 1107),('4591076a-0911-4dfe-beaf-35d784e4875f', '7a6699a7-7f35-4ba7-8c38-6afb9d7816ff', 85560, 9637),('4591076a-0911-4dfe-beaf-35d784e4875f', '6a1a3409-78c1-4fd6-b729-d30d58f887b7', 15184, 3124),('4591076a-0911-4dfe-beaf-35d784e4875f', '9ec19747-c943-4a14-9698-226f2ef628cf', 83790, 4473),('4591076a-0911-4dfe-beaf-35d784e4875f', 'dc4d7b9e-2643-4bed-9e6d-777764ba545d', 73080, 4432),('4591076a-0911-4dfe-beaf-35d784e4875f', '07104f85-8436-439d-9ec0-9058a2055fd9', 8352, 6792),('8f7c06f8-f513-48ab-bb17-6a17393961ca', 'dff4701e-5da5-44ce-86ad-08e572b83bc3', 244615, 9052),('8f7c06f8-f513-48ab-bb17-6a17393961ca', 'e0aa16f4-07ba-4da7-bf40-0b9268f5b0b7', 21128, 2145),('8f7c06f8-f513-48ab-bb17-6a17393961ca', 'd0bb7409-09d7-4b42-86ce-2eca45ad6210', 100147, 1504),('8f7c06f8-f513-48ab-bb17-6a17393961ca', '2d2572b3-44a2-4e43-94a8-6d97a79181fd', 4118, 6287),('8f7c06f8-f513-48ab-bb17-6a17393961ca', 'ab43458b-5a95-46f0-bd60-dd5bd73720a6', 10001, 7119),('8f7c06f8-f513-48ab-bb17-6a17393961ca', '76e1e151-7abb-4e77-8139-cbdb6ec36cc9', 26980, 7636),('511115ed-306c-445b-8fa9-bbc345c3d74e', 'aa8b1e00-98e7-4360-929c-c620b2232bc8', 59305, 7226),('511115ed-306c-445b-8fa9-bbc345c3d74e', '1946f6c7-03b5-45f7-bb49-43264e51c56f', 103950, 5921),('511115ed-306c-445b-8fa9-bbc345c3d74e', 'd8f70a7e-546c-4b79-a7c0-fa4c6b4b413a', 218409, 7337),('511115ed-306c-445b-8fa9-bbc345c3d74e', '88526dad-c248-459d-a363-40c826d47066', 15805, 9129),('511115ed-306c-445b-8fa9-bbc345c3d74e', '508ff35c-b66e-4076-bcc6-59adf4b570fe', 123080, 3637),('511115ed-306c-445b-8fa9-bbc345c3d74e', '778d5cd0-a2fa-4f91-a9cf-5fc4abb67774', 79665, 8527),('511115ed-306c-445b-8fa9-bbc345c3d74e', '6316d94a-f584-4a7b-a037-0f80e0035555', 83817, 2078),('511115ed-306c-445b-8fa9-bbc345c3d74e', 'df69658a-21f9-4a0c-90ca-41d2bf34ef79', 13872, 6378),('511115ed-306c-445b-8fa9-bbc345c3d74e', '3936ed34-2b65-48e5-be38-b864311b755a', 203560, 2536),('511115ed-306c-445b-8fa9-bbc345c3d74e', '16093346-6b81-495f-b52b-b890178c293a', 19152, 5120),('511115ed-306c-445b-8fa9-bbc345c3d74e', 'af4a4bd0-deea-45c6-aa47-e6fb17cfdcc8', 12330, 2342),('5e4f39af-8b79-4501-8f95-8227a2dba901', 'fb20e302-5149-4a56-b847-476545bba985', 118580, 6364),('5e4f39af-8b79-4501-8f95-8227a2dba901', 'db0d2c63-88ad-405c-8be1-142aa3bb443c', 15264, 9515),('5e4f39af-8b79-4501-8f95-8227a2dba901', '389de6c0-e54b-43a4-823f-6607e49a82f6', 99405, 2457),('5e4f39af-8b79-4501-8f95-8227a2dba901', 'eabe4ce0-6ecd-4c05-8ac5-553954bcb051', 16060, 7601),('f77c0cce-73c1-4603-80e6-478c3d87ff88', '26bf1e08-5b22-4e6b-a87a-23cb1b35f8f8', 58880, 9818),('f77c0cce-73c1-4603-80e6-478c3d87ff88', 'a292a74a-0821-45b2-a1e3-1860b245dcaa', 14820, 3459),('f77c0cce-73c1-4603-80e6-478c3d87ff88', 'dc901ce5-eb97-472a-9d05-65e377a760a5', 45326, 4591),('f77c0cce-73c1-4603-80e6-478c3d87ff88', 'ca8c9b18-7d6c-4e94-86cd-6bf292f4acb9', 41968, 3379),('f77c0cce-73c1-4603-80e6-478c3d87ff88', 'c21d4f74-4b71-4729-b168-789d33adb826', 20336, 2523),('f77c0cce-73c1-4603-80e6-478c3d87ff88', 'fd2de530-619a-4f11-9c8e-591ea533d899', 125775, 9801),('f77c0cce-73c1-4603-80e6-478c3d87ff88', '9074891a-b72f-46e4-8cd3-be1624903b83', 55632, 3977),('f77c0cce-73c1-4603-80e6-478c3d87ff88', '7e1233a8-ccbc-415a-93fb-a50769a12d33', 70180, 3782),('feb9832e-3dad-4796-8da3-b0d27c804796', 'fe1130f2-58e8-422b-b007-38b1453bcfee', 32760, 7304),('feb9832e-3dad-4796-8da3-b0d27c804796', '9291a6aa-845e-4036-a2a2-2e28843e0d2a', 8370, 3606),('feb9832e-3dad-4796-8da3-b0d27c804796', 'c6ff3cec-53dc-44b5-a6bd-38e130332f9c', 123985, 1101),('feb9832e-3dad-4796-8da3-b0d27c804796', '0cbb5e22-d857-4460-8cee-e4faf77af164', 115326, 2756),('feb9832e-3dad-4796-8da3-b0d27c804796', '45d5aeb1-0ff4-4f98-8cbc-c34c2043acc4', 110644, 6337),('feb9832e-3dad-4796-8da3-b0d27c804796', '36d6e09e-5564-49a8-914d-bb8c7e268733', 85836, 8582),('feb9832e-3dad-4796-8da3-b0d27c804796', '47d598ba-72db-48d0-92bb-a26c654b9c84', 13192, 9988),('feb9832e-3dad-4796-8da3-b0d27c804796', '3936ed34-2b65-48e5-be38-b864311b755a', 200652, 6529),('feb9832e-3dad-4796-8da3-b0d27c804796', '823b20b4-ada7-45b7-8015-f4e63ed55b40', 15640, 6250),('feb9832e-3dad-4796-8da3-b0d27c804796', 'cbdf1ae4-d5e9-41f4-b2db-3d035c902168', 55544, 7979),('31fc516a-919c-4cea-a135-b675148cdcfd', '383f6313-63ed-4a85-be83-b6a22ee722ee', 15873, 7071),('31fc516a-919c-4cea-a135-b675148cdcfd', '390a4c6d-5477-4f4a-bad4-658c4272cbc1', 40180, 5007),('31fc516a-919c-4cea-a135-b675148cdcfd', '81a9c2fa-bde0-4dba-935e-c5d45d40d2d1', 188160, 5654),('31fc516a-919c-4cea-a135-b675148cdcfd', 'e9c3dcc5-3a4a-4400-8d71-edadc6568b3b', 132328, 8324),('31fc516a-919c-4cea-a135-b675148cdcfd', '960834db-f67a-4858-ae19-acad80251091', 130521, 1379),('7bea6566-77fa-40ea-9292-87a9c56f14ad', '013c2315-22d6-41da-b5be-9fecf5aa17e1', 17810, 3927),('7bea6566-77fa-40ea-9292-87a9c56f14ad', '6316d94a-f584-4a7b-a037-0f80e0035555', 83214, 8009),('7bea6566-77fa-40ea-9292-87a9c56f14ad', '1e22aa0d-d395-47a0-b27c-8b5f9e99fd95', 68272, 5121),('7bea6566-77fa-40ea-9292-87a9c56f14ad', '77dd98db-d48e-4881-83d0-cc5585ccce74', 8928, 9812),('7bea6566-77fa-40ea-9292-87a9c56f14ad', '56a34b09-1d4d-44f5-bf01-33e1c0ae450b', 13916, 4049),('7bea6566-77fa-40ea-9292-87a9c56f14ad', '8aa69aa1-231e-4af1-8572-ea8d4f40e8f4', 8896, 6495),('7bea6566-77fa-40ea-9292-87a9c56f14ad', 'a629cccc-aed5-462a-9e0d-584b1d9ad3c7', 265490, 6608),('08a5f8c5-71a3-4f9d-8ad7-1957cc4941ad', 'e839c6d3-279e-4796-911c-a0f23a1afaca', 7482, 8774),('08a5f8c5-71a3-4f9d-8ad7-1957cc4941ad', '33bb4cf3-bd96-4a5a-968e-9bbbb9058795', 233585, 6716),('08a5f8c5-71a3-4f9d-8ad7-1957cc4941ad', '1946f6c7-03b5-45f7-bb49-43264e51c56f', 97790, 4566),('08a5f8c5-71a3-4f9d-8ad7-1957cc4941ad', 'fcc97ac7-b215-4f99-9f64-99e1184a9fba', 21190, 6317),('08a5f8c5-71a3-4f9d-8ad7-1957cc4941ad', 'dbc9a4dc-f288-456a-9249-fcf0ab272bf9', 62720, 3424),('08a5f8c5-71a3-4f9d-8ad7-1957cc4941ad', '3def65fe-ba42-4428-971f-99d7cab7f9c6', 247422, 8973),('08a5f8c5-71a3-4f9d-8ad7-1957cc4941ad', '1c0d2cb2-fb3e-4f0b-8942-ada46a0489e7', 24552, 8189),('08a5f8c5-71a3-4f9d-8ad7-1957cc4941ad', '2d6aaa9b-9c5c-47c9-b408-f9daa804783f', 73158, 2541),('08a5f8c5-71a3-4f9d-8ad7-1957cc4941ad', 'caf1b328-4dad-48e7-842c-be4c669638f5', 12610, 1398),('08a5f8c5-71a3-4f9d-8ad7-1957cc4941ad', '4cebaeef-ff87-4bd1-9421-5a52d61b3181', 17955, 9677),('d98be1ce-9058-4a74-aa36-ee988275ec86', 'beaab727-06d2-435d-b225-a4e9dbb1eaa6', 4440, 6802),('d98be1ce-9058-4a74-aa36-ee988275ec86', 'ff611296-78d9-4ac5-ac1f-ed0df04fd7c1', 99946, 1109),('d98be1ce-9058-4a74-aa36-ee988275ec86', 'a8a62af0-bfc7-4ca2-b279-cf02452079f6', 21000, 9662),('d98be1ce-9058-4a74-aa36-ee988275ec86', '67208fef-3e39-4e68-bf39-e62fce148c7c', 236340, 6601),('d98be1ce-9058-4a74-aa36-ee988275ec86', '2107a44e-c27e-4433-bc00-a4d624462724', 18104, 3370),('d98be1ce-9058-4a74-aa36-ee988275ec86', '7cf3e5bd-de4f-48d9-889b-a9ce9898dc5b', 10270, 2592),('d98be1ce-9058-4a74-aa36-ee988275ec86', 'f04d20fa-c8a2-4db9-92a8-4d883496302c', 23562, 6525),('d98be1ce-9058-4a74-aa36-ee988275ec86', 'f305f112-d4c9-4e16-b360-e449d3c1d525', 200448, 4179),('d98be1ce-9058-4a74-aa36-ee988275ec86', '8e2a8697-0b2b-4f6d-9850-843821b80655', 131250, 8230),('d98be1ce-9058-4a74-aa36-ee988275ec86', 'e4636c99-92fd-4f16-bb43-c1d109b3bdf6', 11468, 6090),('d98be1ce-9058-4a74-aa36-ee988275ec86', '9d22048f-50d7-41c5-a103-167a788c2333', 30258, 8285),('d98be1ce-9058-4a74-aa36-ee988275ec86', '82f9e4e5-fb4f-4a64-94d7-113dd6f086e7', 113956, 3695),('31d02aff-40e7-4ef0-be96-ffe6d3158e3c', 'dbc9a4dc-f288-456a-9249-fcf0ab272bf9', 65170, 6473),('31d02aff-40e7-4ef0-be96-ffe6d3158e3c', 'aa2d1a8b-a200-4893-8455-f5d99333b1ad', 9954, 8872),('31d02aff-40e7-4ef0-be96-ffe6d3158e3c', 'cf4f5e7e-8255-4580-b143-c06d3214dc8e', 32488, 3487),('31d02aff-40e7-4ef0-be96-ffe6d3158e3c', 'bc86ffbf-861b-4456-9348-ee2b21e5293e', 7182, 2606),('31d02aff-40e7-4ef0-be96-ffe6d3158e3c', '0d434755-d421-4fa4-9ccd-ea7eb6c28a2c', 141372, 9089),('31d02aff-40e7-4ef0-be96-ffe6d3158e3c', 'c2008a0a-7642-4232-9003-bbfdd23f9588', 43940, 9315),('31d02aff-40e7-4ef0-be96-ffe6d3158e3c', 'e45bb73a-6c89-4b34-8d02-ce418155cb5d', 100870, 9633),('ded1f5c4-25d4-4532-8391-19ddacd110f5', 'e6d688b7-a585-40b9-b832-52cb7cc02cd2', 11421, 5161),('ded1f5c4-25d4-4532-8391-19ddacd110f5', '5df1afe5-08e5-4147-9d71-2335dc74166d', 140452, 6593),('ded1f5c4-25d4-4532-8391-19ddacd110f5', '90cd49b2-8ce8-42c3-a34f-531939622a9b', 22451, 7496),('ded1f5c4-25d4-4532-8391-19ddacd110f5', '913898d6-8d3c-43d7-a2ce-874637dac55d', 10425, 9411),('ded1f5c4-25d4-4532-8391-19ddacd110f5', '2edc08be-c362-4d25-aeff-cd3a5c4e72dd', 89232, 1934),('ded1f5c4-25d4-4532-8391-19ddacd110f5', '19295b16-42eb-4828-81b7-1dbff7289b54', 73206, 2304),('ded1f5c4-25d4-4532-8391-19ddacd110f5', 'c1e7372b-9d78-418a-9c5d-3e14d362b733', 12556, 5905),('ded1f5c4-25d4-4532-8391-19ddacd110f5', 'c9a3fadb-47be-4861-9c36-c87d7c1e60cf', 111642, 3974),('ded1f5c4-25d4-4532-8391-19ddacd110f5', 'f04d20fa-c8a2-4db9-92a8-4d883496302c', 26180, 3941),('ded1f5c4-25d4-4532-8391-19ddacd110f5', 'e6c1a741-bdc0-458e-b5cb-e197f7babd99', 15587, 1297),('ded1f5c4-25d4-4532-8391-19ddacd110f5', 'fd2de530-619a-4f11-9c8e-591ea533d899', 135525, 3191),('ded1f5c4-25d4-4532-8391-19ddacd110f5', 'bb215e1a-c64f-43f9-be71-f74246b11b9b', 24090, 1022),('ded1f5c4-25d4-4532-8391-19ddacd110f5', '3936ed34-2b65-48e5-be38-b864311b755a', 210830, 9888),('ded1f5c4-25d4-4532-8391-19ddacd110f5', '914dadba-7fac-493f-84c7-4b92914b4945', 56342, 9726),('cf71bbe4-33bb-41ee-a4f1-65a784819d8f', 'd4722ae3-549a-4da1-915d-c8adbc5052bc', 88064, 5162),('cf71bbe4-33bb-41ee-a4f1-65a784819d8f', 'd411b0fe-a4be-48d8-b0ae-be7b9388065e', 9920, 1801),('cf71bbe4-33bb-41ee-a4f1-65a784819d8f', 'aa2d1a8b-a200-4893-8455-f5d99333b1ad', 10191, 1391),('cf71bbe4-33bb-41ee-a4f1-65a784819d8f', '39a36c6e-6fb1-4f7c-ab84-a481b54b08dd', 10578, 8842),('cf71bbe4-33bb-41ee-a4f1-65a784819d8f', 'f72f3ace-9868-442a-8a35-4755922490eb', 48128, 6713),('cf71bbe4-33bb-41ee-a4f1-65a784819d8f', 'e9c3dcc5-3a4a-4400-8d71-edadc6568b3b', 123760, 9534),('cf71bbe4-33bb-41ee-a4f1-65a784819d8f', 'b3d88e0b-9080-4485-b3d4-618f258fe2b1', 59212, 5547),('49fb1637-9136-49e8-8f90-54014e545a18', '0f0ffb35-fad8-4000-9c14-31475edc1262', 3300, 6525),('49fb1637-9136-49e8-8f90-54014e545a18', '415ea5bb-9f1b-41be-a2a2-95f242877395', 20856, 3763),('49fb1637-9136-49e8-8f90-54014e545a18', '7cf3e5bd-de4f-48d9-889b-a9ce9898dc5b', 10191, 6471),('49fb1637-9136-49e8-8f90-54014e545a18', '1087d6ba-fed6-421c-807e-d52424aa72dc', 24206, 9173),('49fb1637-9136-49e8-8f90-54014e545a18', 'abd454f3-ef5b-4b83-88ec-6283a6f14dfe', 193225, 2075),('944505a7-0cdd-4def-9554-a3d02779d462', '41994381-4dc3-42bf-9136-61d9499fe90d', 153408, 2481),('944505a7-0cdd-4def-9554-a3d02779d462', '1ff2eea8-9a22-4b47-b3dd-d09307ac931e', 22820, 4368),('944505a7-0cdd-4def-9554-a3d02779d462', 'ca8c9b18-7d6c-4e94-86cd-6bf292f4acb9', 46784, 8224),('944505a7-0cdd-4def-9554-a3d02779d462', '9b06ac97-14d9-44cd-bf72-a74fef74e69a', 204027, 2872),('944505a7-0cdd-4def-9554-a3d02779d462', 'fd4e239f-f064-4bdd-8274-8ab5b2ff9e93', 74226, 2914),('944505a7-0cdd-4def-9554-a3d02779d462', '6d3a2226-8ab8-42eb-ad64-2376b48c8885', 22078, 9673),('944505a7-0cdd-4def-9554-a3d02779d462', 'aaf19701-5287-4650-b529-759db619745a', 266560, 6445),('944505a7-0cdd-4def-9554-a3d02779d462', 'bcac0a28-9df4-4cb1-a54a-548571954acc', 204421, 5362),('944505a7-0cdd-4def-9554-a3d02779d462', '62d493ad-3845-462b-b516-99c8f5dd2d13', 10318, 6728),('304875a8-ee90-40ac-b0b2-3b2e16dc75bf', '1fa04df7-b324-4139-b87b-eb799e80ffbc', 138240, 3242),('304875a8-ee90-40ac-b0b2-3b2e16dc75bf', 'f4be050b-1e4e-4be5-9533-2c0d06ddabf0', 12090, 9308),('304875a8-ee90-40ac-b0b2-3b2e16dc75bf', '35991a7c-d6de-418c-8ecd-64a2338a3bd2', 21960, 2053),('304875a8-ee90-40ac-b0b2-3b2e16dc75bf', 'e078b84e-0b2c-446f-b181-01096bfa94e9', 8500, 6428),('304875a8-ee90-40ac-b0b2-3b2e16dc75bf', '095d333f-1e0d-4cc6-b862-d32e7b41a531', 105028, 1449),('304875a8-ee90-40ac-b0b2-3b2e16dc75bf', 'b3d88e0b-9080-4485-b3d4-618f258fe2b1', 54692, 2691),('304875a8-ee90-40ac-b0b2-3b2e16dc75bf', '16093346-6b81-495f-b52b-b890178c293a', 17290, 2393),('304875a8-ee90-40ac-b0b2-3b2e16dc75bf', '63430d16-0ef1-4be9-9c63-9b482a2faa1f', 6765, 5425),('9ebbe0f8-a944-498d-92e7-4fe4303a935a', '5df1afe5-08e5-4147-9d71-2335dc74166d', 129870, 1149),('9ebbe0f8-a944-498d-92e7-4fe4303a935a', '2263b6ed-80c7-4120-816b-aa1fa78a65cf', 231157, 7279),('9ebbe0f8-a944-498d-92e7-4fe4303a935a', '415ea5bb-9f1b-41be-a2a2-95f242877395', 22278, 9237),('9ebbe0f8-a944-498d-92e7-4fe4303a935a', 'a623addf-f14c-40d8-bce3-195333723070', 17940, 6897),('9ebbe0f8-a944-498d-92e7-4fe4303a935a', '2768f1cc-4049-4f19-ac61-40065ee39494', 129200, 1223),('9ebbe0f8-a944-498d-92e7-4fe4303a935a', '509c8a6a-d86a-43a8-bb3e-73739021479a', 161304, 7704),('3177ebc8-0ece-4079-8ed6-32265e5f729b', '4cfa4b78-aa9c-4e9d-b3ca-5aa395418010', 172236, 9510),('3177ebc8-0ece-4079-8ed6-32265e5f729b', '9a3b487b-3994-4964-ae8c-2edccce4d2e0', 64904, 6381),('3177ebc8-0ece-4079-8ed6-32265e5f729b', '90cd49b2-8ce8-42c3-a34f-531939622a9b', 20410, 9991),('3177ebc8-0ece-4079-8ed6-32265e5f729b', '2a0955de-b1c6-4b4d-a717-6278811d98c4', 115050, 7270),('3177ebc8-0ece-4079-8ed6-32265e5f729b', 'e6c1a741-bdc0-458e-b5cb-e197f7babd99', 14279, 3387),('3177ebc8-0ece-4079-8ed6-32265e5f729b', 'ed5d1809-2214-477d-be77-8d6670f00d64', 80668, 4299),('3177ebc8-0ece-4079-8ed6-32265e5f729b', '419991eb-f040-41c6-8955-21ce6ed48e32', 114270, 9406),('3177ebc8-0ece-4079-8ed6-32265e5f729b', '10b43039-0fe0-41bb-84db-c4c69bec1ab9', 8246, 3791),('3177ebc8-0ece-4079-8ed6-32265e5f729b', 'f3376246-3a02-4188-a732-836c4faba593', 80470, 8973),('a4802d86-b43f-4015-a47b-45e00600efcf', 'c60dcf67-0fe7-4816-ba8d-c842496a4a74', 169088, 2879),('a4802d86-b43f-4015-a47b-45e00600efcf', 'ea001ec5-03bf-4eae-9235-8c9aedeba3a5', 18029, 4319),('a4802d86-b43f-4015-a47b-45e00600efcf', '17511a95-63c6-4f93-bc6e-07f2323a212a', 80303, 2290),('06fc26e8-1141-4ce2-b4b6-6dfaed3b3eb3', 'd4722ae3-549a-4da1-915d-c8adbc5052bc', 87376, 5224),('06fc26e8-1141-4ce2-b4b6-6dfaed3b3eb3', 'a78c718d-eb22-4333-957f-d38d19ac78f8', 88064, 8362),('06fc26e8-1141-4ce2-b4b6-6dfaed3b3eb3', 'a629cccc-aed5-462a-9e0d-584b1d9ad3c7', 250210, 3711),('2746e34f-6cec-4ecd-998b-7b3dffd69d28', 'fe1130f2-58e8-422b-b007-38b1453bcfee', 31752, 4315),('2746e34f-6cec-4ecd-998b-7b3dffd69d28', 'e3e2a813-45e1-440f-84c1-09068df64242', 214400, 2572),('2746e34f-6cec-4ecd-998b-7b3dffd69d28', '07e8d865-4ce3-4eec-acd8-f3f0a4a71219', 5500, 5319),('2746e34f-6cec-4ecd-998b-7b3dffd69d28', 'd2c1f173-c2ab-40ab-871c-064e0d6d6aea', 9450, 9276),('2746e34f-6cec-4ecd-998b-7b3dffd69d28', 'be5b1002-2073-4f76-a4eb-3866d71f878a', 112080, 8012),('2746e34f-6cec-4ecd-998b-7b3dffd69d28', '7cf3e5bd-de4f-48d9-889b-a9ce9898dc5b', 10270, 3108),('2746e34f-6cec-4ecd-998b-7b3dffd69d28', 'e0aa16f4-07ba-4da7-bf40-0b9268f5b0b7', 18240, 2598),('2746e34f-6cec-4ecd-998b-7b3dffd69d28', '8a99ad72-fc1f-4285-92fe-a02e0662d747', 183309, 9721),('e89cee34-3314-4d2e-a5e8-993fab45a825', 'ca8c9b18-7d6c-4e94-86cd-6bf292f4acb9', 42312, 9740),('e89cee34-3314-4d2e-a5e8-993fab45a825', 'd2372937-e42a-47c3-9bf5-a4655379e292', 23400, 9661),('e89cee34-3314-4d2e-a5e8-993fab45a825', '677a6168-175f-4f4b-9f18-384b8d742687', 84096, 3096),('e89cee34-3314-4d2e-a5e8-993fab45a825', '92288fd9-6371-4e93-a01c-14a8224ae7fd', 214020, 5380),('e89cee34-3314-4d2e-a5e8-993fab45a825', '33bc7da7-822a-46f4-a5b1-3e769cc71155', 16640, 2391),('e89cee34-3314-4d2e-a5e8-993fab45a825', '03cd020f-4fac-4606-a6f7-cff93afe6ec7', 79544, 8132),('e89cee34-3314-4d2e-a5e8-993fab45a825', '46b20df5-05d9-40bd-9866-52232eea09d6', 16254, 9892),('64f32f6a-9be8-4d81-a4b9-30d32718f94e', '07222820-f93c-4519-90e0-e32a4f69e7b1', 10920, 9191),('64f32f6a-9be8-4d81-a4b9-30d32718f94e', 'd2c1f173-c2ab-40ab-871c-064e0d6d6aea', 10500, 4103),('64f32f6a-9be8-4d81-a4b9-30d32718f94e', '0369c23b-d94e-4644-b201-661ec1a28cfd', 12780, 4860),('64f32f6a-9be8-4d81-a4b9-30d32718f94e', 'dbc9a4dc-f288-456a-9249-fcf0ab272bf9', 71050, 6647),('64f32f6a-9be8-4d81-a4b9-30d32718f94e', 'd2372937-e42a-47c3-9bf5-a4655379e292', 25740, 3819),('64f32f6a-9be8-4d81-a4b9-30d32718f94e', '5928a9e9-8e30-4dd0-8b06-05bfe6716565', 18056, 8718),('64f32f6a-9be8-4d81-a4b9-30d32718f94e', '41f03deb-9884-4f3f-b0d0-ebc648953804', 121410, 1034),('64f32f6a-9be8-4d81-a4b9-30d32718f94e', 'fd2de530-619a-4f11-9c8e-591ea533d899', 142350, 4265),('64f32f6a-9be8-4d81-a4b9-30d32718f94e', '6d3a2226-8ab8-42eb-ad64-2376b48c8885', 24236, 5570),('64f32f6a-9be8-4d81-a4b9-30d32718f94e', 'ab43458b-5a95-46f0-bd60-dd5bd73720a6', 10658, 1338),('6fb3e13e-52d8-44a0-925d-2c1b18b5cb52', 'd6484f2e-04d3-4e71-a42b-ec1aa66cc686', 10823, 9044),('6fb3e13e-52d8-44a0-925d-2c1b18b5cb52', '159c021a-a107-476a-aa2d-cee217d19a40', 10868, 7343),('6fb3e13e-52d8-44a0-925d-2c1b18b5cb52', 'c21d4f74-4b71-4729-b168-789d33adb826', 22632, 5789),('6fb3e13e-52d8-44a0-925d-2c1b18b5cb52', '778d5cd0-a2fa-4f91-a9cf-5fc4abb67774', 75710, 9563),('6fb3e13e-52d8-44a0-925d-2c1b18b5cb52', 'e4636c99-92fd-4f16-bb43-c1d109b3bdf6', 13348, 3164),('6fb3e13e-52d8-44a0-925d-2c1b18b5cb52', 'd51abb92-746d-4352-8c77-505156e50234', 42612, 8452),('6fb3e13e-52d8-44a0-925d-2c1b18b5cb52', '575df214-7122-49c1-8801-0e94f13c38f2', 19877, 6197),('6fb3e13e-52d8-44a0-925d-2c1b18b5cb52', '91791bdd-85d4-4584-9d11-e433af7242f6', 142426, 8997),('6fb3e13e-52d8-44a0-925d-2c1b18b5cb52', '215b0a3d-62a7-4583-af08-dcd363bbc8fd', 12104, 4186),('6fb3e13e-52d8-44a0-925d-2c1b18b5cb52', '3e21e99b-7599-4076-bf2a-7a4743ff85ee', 244080, 9499),('6fb3e13e-52d8-44a0-925d-2c1b18b5cb52', 'b91b4606-5766-4529-92e6-f9bc40fea2f8', 23023, 1673),('14aa59d9-35bf-45e3-ae56-c74f8e72ad8e', 'a7ed8f4f-0abe-47b1-bc4b-eb82043fdad3', 9384, 8152),('14aa59d9-35bf-45e3-ae56-c74f8e72ad8e', '1946f6c7-03b5-45f7-bb49-43264e51c56f', 110110, 6432),('14aa59d9-35bf-45e3-ae56-c74f8e72ad8e', 'b324fba0-491d-4d86-ab6e-94c4a3c863a9', 133308, 1969),('14aa59d9-35bf-45e3-ae56-c74f8e72ad8e', 'ca8c9b18-7d6c-4e94-86cd-6bf292f4acb9', 46784, 9167),('14aa59d9-35bf-45e3-ae56-c74f8e72ad8e', 'c21d4f74-4b71-4729-b168-789d33adb826', 23124, 4162),('14aa59d9-35bf-45e3-ae56-c74f8e72ad8e', 'f7e2ae9b-86ff-492f-8c75-594a1981c31a', 3266, 1042),('14aa59d9-35bf-45e3-ae56-c74f8e72ad8e', '415ea5bb-9f1b-41be-a2a2-95f242877395', 21172, 8981),('14aa59d9-35bf-45e3-ae56-c74f8e72ad8e', '17511a95-63c6-4f93-bc6e-07f2323a212a', 83981, 8708),('14aa59d9-35bf-45e3-ae56-c74f8e72ad8e', 'fd2de530-619a-4f11-9c8e-591ea533d899', 132600, 1758),('14aa59d9-35bf-45e3-ae56-c74f8e72ad8e', '75a73936-610d-4c04-ac47-597c648fd564', 44145, 4256),('14aa59d9-35bf-45e3-ae56-c74f8e72ad8e', 'dd271f2d-5a1b-495f-ba15-fe2b20725f66', 211720, 8959),('14aa59d9-35bf-45e3-ae56-c74f8e72ad8e', 'e9c3dcc5-3a4a-4400-8d71-edadc6568b3b', 127568, 3768),('14aa59d9-35bf-45e3-ae56-c74f8e72ad8e', 'b08e54f7-88e7-42e9-99de-dc48bb21ca37', 11792, 7952),('56816587-8d19-4aba-abe9-e059beda082b', 'f4be050b-1e4e-4be5-9533-2c0d06ddabf0', 12276, 5748),('56816587-8d19-4aba-abe9-e059beda082b', '9a973ad6-80cf-4961-a3e5-7f52de3e12d3', 206815, 1853),('56816587-8d19-4aba-abe9-e059beda082b', '508ff35c-b66e-4076-bcc6-59adf4b570fe', 128510, 6859),('56816587-8d19-4aba-abe9-e059beda082b', '2768f1cc-4049-4f19-ac61-40065ee39494', 134900, 3192),('56816587-8d19-4aba-abe9-e059beda082b', 'ede1ac08-c1b0-4d91-8f1e-89454a532659', 116886, 4953),('56816587-8d19-4aba-abe9-e059beda082b', 'a46f46cf-8501-4d2b-a9d8-39b276616c80', 5670, 1728),('56816587-8d19-4aba-abe9-e059beda082b', 'fc7a7f78-0689-4576-a222-3385fd5155a8', 68136, 9588),('56816587-8d19-4aba-abe9-e059beda082b', '75a73936-610d-4c04-ac47-597c648fd564', 46434, 9856),('56816587-8d19-4aba-abe9-e059beda082b', '215b0a3d-62a7-4583-af08-dcd363bbc8fd', 12638, 4023);

insert into vendor_car_info_hzu values
('a852346d-bffd-42a0-8be0-beaa535f5647', '7b880b19-830f-4450-9162-8a2ed7c49660', 7),('a852346d-bffd-42a0-8be0-beaa535f5647', '014a5713-313d-4b85-b599-165ed58ab002', 10),('a852346d-bffd-42a0-8be0-beaa535f5647', '462a4a1e-aeec-4acc-9956-a9729cc00a79', 5),('20697196-78b9-49eb-872e-07819055bce1', '393f2d82-0be5-4f8c-82ca-f647555b7f26', 6),('20697196-78b9-49eb-872e-07819055bce1', 'c274e7ec-c731-448d-b526-2467f08f3af5', 10),('20697196-78b9-49eb-872e-07819055bce1', '8b648b8c-bc9e-4bfe-be57-6eab2734880b', 1),('20697196-78b9-49eb-872e-07819055bce1', '88fb43bc-e9d2-4fc9-97c4-aaee462b6bea', 5),('20697196-78b9-49eb-872e-07819055bce1', '55420673-a9be-422d-b19c-150d2879fe58', 4),('3741e72e-8e91-439b-9daa-bb0a6d6c0c2e', '393f2d82-0be5-4f8c-82ca-f647555b7f26', 10),('3741e72e-8e91-439b-9daa-bb0a6d6c0c2e', '0ddf112f-844a-41af-83bc-cd50c55d6dbb', 6),('3741e72e-8e91-439b-9daa-bb0a6d6c0c2e', '55420673-a9be-422d-b19c-150d2879fe58', 10),('43c74588-6965-412d-b0c0-83416a68d50a', '0ec61b39-d7c5-4d75-9ef6-ce39f521e4eb', 5),('43c74588-6965-412d-b0c0-83416a68d50a', '0ddf112f-844a-41af-83bc-cd50c55d6dbb', 10),('43c74588-6965-412d-b0c0-83416a68d50a', 'e29ae724-e16c-4c7d-a9f8-a8e83aac5ec6', 7),('43c74588-6965-412d-b0c0-83416a68d50a', '88fb43bc-e9d2-4fc9-97c4-aaee462b6bea', 6),('43c74588-6965-412d-b0c0-83416a68d50a', 'f8c7e515-0aad-4ad3-96af-ddda162981e1', 7),('4591076a-0911-4dfe-beaf-35d784e4875f', 'eadef978-9bf5-4275-8e51-e3a1afda35f8', 6),('4591076a-0911-4dfe-beaf-35d784e4875f', '7b880b19-830f-4450-9162-8a2ed7c49660', 10),('4591076a-0911-4dfe-beaf-35d784e4875f', '014a5713-313d-4b85-b599-165ed58ab002', 9),('4591076a-0911-4dfe-beaf-35d784e4875f', '55420673-a9be-422d-b19c-150d2879fe58', 9),('8f7c06f8-f513-48ab-bb17-6a17393961ca', '014a5713-313d-4b85-b599-165ed58ab002', 2),('8f7c06f8-f513-48ab-bb17-6a17393961ca', '89335621-466f-47a7-9b1f-a866e55bb8ef', 1),('8f7c06f8-f513-48ab-bb17-6a17393961ca', 'aa99de4a-79f1-424a-b57d-3ce96ab97131', 3),('511115ed-306c-445b-8fa9-bbc345c3d74e', '7b880b19-830f-4450-9162-8a2ed7c49660', 6),('511115ed-306c-445b-8fa9-bbc345c3d74e', '3cf9310e-5b0e-4bf6-a127-3e2cdc178de2', 5),('511115ed-306c-445b-8fa9-bbc345c3d74e', 'c2822c15-cb40-4c86-bbb6-9d3d2b58cf21', 10),('5e4f39af-8b79-4501-8f95-8227a2dba901', 'e06166b7-924b-493e-93be-d3127baa1d6f', 6),('5e4f39af-8b79-4501-8f95-8227a2dba901', 'c2822c15-cb40-4c86-bbb6-9d3d2b58cf21', 8),('5e4f39af-8b79-4501-8f95-8227a2dba901', 'f8c7e515-0aad-4ad3-96af-ddda162981e1', 1),('f77c0cce-73c1-4603-80e6-478c3d87ff88', '3cf9310e-5b0e-4bf6-a127-3e2cdc178de2', 9),('f77c0cce-73c1-4603-80e6-478c3d87ff88', '462a4a1e-aeec-4acc-9956-a9729cc00a79', 5),('f77c0cce-73c1-4603-80e6-478c3d87ff88', '88fb43bc-e9d2-4fc9-97c4-aaee462b6bea', 5),('feb9832e-3dad-4796-8da3-b0d27c804796', '3cf9310e-5b0e-4bf6-a127-3e2cdc178de2', 7),('feb9832e-3dad-4796-8da3-b0d27c804796', 'e06166b7-924b-493e-93be-d3127baa1d6f', 7),('7bea6566-77fa-40ea-9292-87a9c56f14ad', '0ec61b39-d7c5-4d75-9ef6-ce39f521e4eb', 1),('7bea6566-77fa-40ea-9292-87a9c56f14ad', 'e06166b7-924b-493e-93be-d3127baa1d6f', 7),('7bea6566-77fa-40ea-9292-87a9c56f14ad', '8b648b8c-bc9e-4bfe-be57-6eab2734880b', 8),('7bea6566-77fa-40ea-9292-87a9c56f14ad', '88fb43bc-e9d2-4fc9-97c4-aaee462b6bea', 1),('08a5f8c5-71a3-4f9d-8ad7-1957cc4941ad', 'eadef978-9bf5-4275-8e51-e3a1afda35f8', 5),('08a5f8c5-71a3-4f9d-8ad7-1957cc4941ad', '7b880b19-830f-4450-9162-8a2ed7c49660', 5),('08a5f8c5-71a3-4f9d-8ad7-1957cc4941ad', 'e29ae724-e16c-4c7d-a9f8-a8e83aac5ec6', 6),('08a5f8c5-71a3-4f9d-8ad7-1957cc4941ad', '3cf9310e-5b0e-4bf6-a127-3e2cdc178de2', 7),('08a5f8c5-71a3-4f9d-8ad7-1957cc4941ad', 'c2822c15-cb40-4c86-bbb6-9d3d2b58cf21', 8),('08a5f8c5-71a3-4f9d-8ad7-1957cc4941ad', '462a4a1e-aeec-4acc-9956-a9729cc00a79', 2),('08a5f8c5-71a3-4f9d-8ad7-1957cc4941ad', 'aa99de4a-79f1-424a-b57d-3ce96ab97131', 9),('d98be1ce-9058-4a74-aa36-ee988275ec86', 'c274e7ec-c731-448d-b526-2467f08f3af5', 6),('d98be1ce-9058-4a74-aa36-ee988275ec86', 'c2822c15-cb40-4c86-bbb6-9d3d2b58cf21', 6),('d98be1ce-9058-4a74-aa36-ee988275ec86', '014a5713-313d-4b85-b599-165ed58ab002', 10),('d98be1ce-9058-4a74-aa36-ee988275ec86', '115e5959-17d0-45cb-886b-78db80c396b5', 6),('31d02aff-40e7-4ef0-be96-ffe6d3158e3c', 'e29ae724-e16c-4c7d-a9f8-a8e83aac5ec6', 6),('31d02aff-40e7-4ef0-be96-ffe6d3158e3c', '014a5713-313d-4b85-b599-165ed58ab002', 10),('31d02aff-40e7-4ef0-be96-ffe6d3158e3c', '8b648b8c-bc9e-4bfe-be57-6eab2734880b', 7),('31d02aff-40e7-4ef0-be96-ffe6d3158e3c', '55420673-a9be-422d-b19c-150d2879fe58', 1),('31d02aff-40e7-4ef0-be96-ffe6d3158e3c', '89335621-466f-47a7-9b1f-a866e55bb8ef', 8),('ded1f5c4-25d4-4532-8391-19ddacd110f5', '7b880b19-830f-4450-9162-8a2ed7c49660', 6),('ded1f5c4-25d4-4532-8391-19ddacd110f5', '3cf9310e-5b0e-4bf6-a127-3e2cdc178de2', 4),('ded1f5c4-25d4-4532-8391-19ddacd110f5', '88fb43bc-e9d2-4fc9-97c4-aaee462b6bea', 4),('cf71bbe4-33bb-41ee-a4f1-65a784819d8f', '0ec61b39-d7c5-4d75-9ef6-ce39f521e4eb', 1),('cf71bbe4-33bb-41ee-a4f1-65a784819d8f', '0ddf112f-844a-41af-83bc-cd50c55d6dbb', 6),('cf71bbe4-33bb-41ee-a4f1-65a784819d8f', '3cf9310e-5b0e-4bf6-a127-3e2cdc178de2', 7),('cf71bbe4-33bb-41ee-a4f1-65a784819d8f', 'aa99de4a-79f1-424a-b57d-3ce96ab97131', 4),('49fb1637-9136-49e8-8f90-54014e545a18', 'e29ae724-e16c-4c7d-a9f8-a8e83aac5ec6', 9),('49fb1637-9136-49e8-8f90-54014e545a18', '014a5713-313d-4b85-b599-165ed58ab002', 5),('49fb1637-9136-49e8-8f90-54014e545a18', '55420673-a9be-422d-b19c-150d2879fe58', 8),('944505a7-0cdd-4def-9554-a3d02779d462', '393f2d82-0be5-4f8c-82ca-f647555b7f26', 2),('944505a7-0cdd-4def-9554-a3d02779d462', 'c274e7ec-c731-448d-b526-2467f08f3af5', 9),('944505a7-0cdd-4def-9554-a3d02779d462', 'e29ae724-e16c-4c7d-a9f8-a8e83aac5ec6', 5),('944505a7-0cdd-4def-9554-a3d02779d462', '3cf9310e-5b0e-4bf6-a127-3e2cdc178de2', 9),('944505a7-0cdd-4def-9554-a3d02779d462', '8b648b8c-bc9e-4bfe-be57-6eab2734880b', 6),('304875a8-ee90-40ac-b0b2-3b2e16dc75bf', 'e29ae724-e16c-4c7d-a9f8-a8e83aac5ec6', 2),('304875a8-ee90-40ac-b0b2-3b2e16dc75bf', '3cf9310e-5b0e-4bf6-a127-3e2cdc178de2', 8),('304875a8-ee90-40ac-b0b2-3b2e16dc75bf', '8b648b8c-bc9e-4bfe-be57-6eab2734880b', 10),('304875a8-ee90-40ac-b0b2-3b2e16dc75bf', 'aa99de4a-79f1-424a-b57d-3ce96ab97131', 4),('9ebbe0f8-a944-498d-92e7-4fe4303a935a', 'f8c7e515-0aad-4ad3-96af-ddda162981e1', 9),('9ebbe0f8-a944-498d-92e7-4fe4303a935a', '55420673-a9be-422d-b19c-150d2879fe58', 4),('3177ebc8-0ece-4079-8ed6-32265e5f729b', '462a4a1e-aeec-4acc-9956-a9729cc00a79', 4),('3177ebc8-0ece-4079-8ed6-32265e5f729b', '88fb43bc-e9d2-4fc9-97c4-aaee462b6bea', 10),('a4802d86-b43f-4015-a47b-45e00600efcf', 'eadef978-9bf5-4275-8e51-e3a1afda35f8', 5),('a4802d86-b43f-4015-a47b-45e00600efcf', '7b880b19-830f-4450-9162-8a2ed7c49660', 4),('a4802d86-b43f-4015-a47b-45e00600efcf', '0ec61b39-d7c5-4d75-9ef6-ce39f521e4eb', 6),('a4802d86-b43f-4015-a47b-45e00600efcf', '0ddf112f-844a-41af-83bc-cd50c55d6dbb', 9),('a4802d86-b43f-4015-a47b-45e00600efcf', 'e29ae724-e16c-4c7d-a9f8-a8e83aac5ec6', 2),('a4802d86-b43f-4015-a47b-45e00600efcf', '014a5713-313d-4b85-b599-165ed58ab002', 4),('a4802d86-b43f-4015-a47b-45e00600efcf', '89335621-466f-47a7-9b1f-a866e55bb8ef', 3),('06fc26e8-1141-4ce2-b4b6-6dfaed3b3eb3', '0ec61b39-d7c5-4d75-9ef6-ce39f521e4eb', 7),('06fc26e8-1141-4ce2-b4b6-6dfaed3b3eb3', 'e29ae724-e16c-4c7d-a9f8-a8e83aac5ec6', 9),('06fc26e8-1141-4ce2-b4b6-6dfaed3b3eb3', '3cf9310e-5b0e-4bf6-a127-3e2cdc178de2', 7),('06fc26e8-1141-4ce2-b4b6-6dfaed3b3eb3', 'c2822c15-cb40-4c86-bbb6-9d3d2b58cf21', 6),('06fc26e8-1141-4ce2-b4b6-6dfaed3b3eb3', '014a5713-313d-4b85-b599-165ed58ab002', 8),('06fc26e8-1141-4ce2-b4b6-6dfaed3b3eb3', '115e5959-17d0-45cb-886b-78db80c396b5', 1),('06fc26e8-1141-4ce2-b4b6-6dfaed3b3eb3', '55420673-a9be-422d-b19c-150d2879fe58', 9),('06fc26e8-1141-4ce2-b4b6-6dfaed3b3eb3', '89335621-466f-47a7-9b1f-a866e55bb8ef', 8),('2746e34f-6cec-4ecd-998b-7b3dffd69d28', '393f2d82-0be5-4f8c-82ca-f647555b7f26', 4),('2746e34f-6cec-4ecd-998b-7b3dffd69d28', '0ec61b39-d7c5-4d75-9ef6-ce39f521e4eb', 9),('2746e34f-6cec-4ecd-998b-7b3dffd69d28', 'e06166b7-924b-493e-93be-d3127baa1d6f', 6),('2746e34f-6cec-4ecd-998b-7b3dffd69d28', '55420673-a9be-422d-b19c-150d2879fe58', 9),('e89cee34-3314-4d2e-a5e8-993fab45a825', 'e29ae724-e16c-4c7d-a9f8-a8e83aac5ec6', 9),('e89cee34-3314-4d2e-a5e8-993fab45a825', '3cf9310e-5b0e-4bf6-a127-3e2cdc178de2', 5),('e89cee34-3314-4d2e-a5e8-993fab45a825', '462a4a1e-aeec-4acc-9956-a9729cc00a79', 3),('e89cee34-3314-4d2e-a5e8-993fab45a825', 'aa99de4a-79f1-424a-b57d-3ce96ab97131', 4),('64f32f6a-9be8-4d81-a4b9-30d32718f94e', 'eadef978-9bf5-4275-8e51-e3a1afda35f8', 3),('64f32f6a-9be8-4d81-a4b9-30d32718f94e', 'c274e7ec-c731-448d-b526-2467f08f3af5', 2),('64f32f6a-9be8-4d81-a4b9-30d32718f94e', '014a5713-313d-4b85-b599-165ed58ab002', 7),('6fb3e13e-52d8-44a0-925d-2c1b18b5cb52', 'ea7a17d8-6acd-49cf-b40f-274965a575e0', 8),('6fb3e13e-52d8-44a0-925d-2c1b18b5cb52', 'eadef978-9bf5-4275-8e51-e3a1afda35f8', 7),('6fb3e13e-52d8-44a0-925d-2c1b18b5cb52', '0ec61b39-d7c5-4d75-9ef6-ce39f521e4eb', 3),('6fb3e13e-52d8-44a0-925d-2c1b18b5cb52', '0ddf112f-844a-41af-83bc-cd50c55d6dbb', 1),('6fb3e13e-52d8-44a0-925d-2c1b18b5cb52', 'e29ae724-e16c-4c7d-a9f8-a8e83aac5ec6', 6),('14aa59d9-35bf-45e3-ae56-c74f8e72ad8e', 'eadef978-9bf5-4275-8e51-e3a1afda35f8', 6),('14aa59d9-35bf-45e3-ae56-c74f8e72ad8e', '0ec61b39-d7c5-4d75-9ef6-ce39f521e4eb', 9),('14aa59d9-35bf-45e3-ae56-c74f8e72ad8e', '014a5713-313d-4b85-b599-165ed58ab002', 8),('14aa59d9-35bf-45e3-ae56-c74f8e72ad8e', '462a4a1e-aeec-4acc-9956-a9729cc00a79', 8),('14aa59d9-35bf-45e3-ae56-c74f8e72ad8e', '55420673-a9be-422d-b19c-150d2879fe58', 10),('56816587-8d19-4aba-abe9-e059beda082b', 'e29ae724-e16c-4c7d-a9f8-a8e83aac5ec6', 9),('56816587-8d19-4aba-abe9-e059beda082b', '462a4a1e-aeec-4acc-9956-a9729cc00a79', 3),('56816587-8d19-4aba-abe9-e059beda082b', '89335621-466f-47a7-9b1f-a866e55bb8ef', 1),('56816587-8d19-4aba-abe9-e059beda082b', 'aa99de4a-79f1-424a-b57d-3ce96ab97131', 10);

--1 
select distinct model from product_mcn
join vendor_product_info_1je on product_mcn.id = vendor_product_info_1je.product_id
join vendor_xny on vendor_product_info_1je.vendor_id = vendor_xny.id
where  category = 'смартфоны' and brand not in ('Xiaomi', 'HONOR', 'HUAWEI')and price between 15000 and 25000;


--2
select name from vendor_xny
join vendor_product_info_1je on vendor_xny.id = vendor_product_info_1je.vendor_id
join  product_mcn on vendor_product_info_1je.product_id = product_mcn.id
where category = 'смартфоны' and os in ('Android', 'iOS');


--3
select name from vendor_xny
join vendor_product_info_1je on vendor_xny.id = vendor_product_info_1je.vendor_id
join  product_mcn on vendor_product_info_1je.product_id = product_mcn.id
where category = 'часы'
except 
select name from vendor_xny
join vendor_product_info_1je on vendor_xny.id = vendor_product_info_1je.vendor_id
join  product_mcn on vendor_product_info_1je.product_id = product_mcn.id
where category = 'смартфон';


--4
select distinct name from vendor_xny
join vendor_product_info_1je on vendor_xny.id = vendor_product_info_1je.vendor_id
join  product_mcn on vendor_product_info_1je.product_id = product_mcn.id
where category = 'ноутбуки'
except 
select distinct name from vendor_xny
join vendor_product_info_1je on vendor_xny.id = vendor_product_info_1je.vendor_id
join  product_mcn on vendor_product_info_1je.product_id = product_mcn.id
where category = 'мониторы'
union
select name from vendor_xny
join vendor_car_info_hzu on vendor_car_info_hzu.vendor_id = vendor_xny.id
join car_lhv on vendor_car_info_hzu.car_id = car_lhv.id
where body_volume >= 30 and lifting_capacity >= 20;


--5
select min(price), max(price), avg(screen_size), sum(price * quantity) from product_mcn
join vendor_product_info_1je on product_mcn.id = vendor_product_info_1je.product_id
where category = 'электронные книги' and brand = 'Amazon';

--6
select distinct model from product_mcn
where weight = (select min(weight) from product_mcn where category = 'электронные книги')
union 
select distinct model from 
(select distinct id, model from product_mcn where weight = (select min(weight) from product_mcn where category = 'электронные книги')) product_mcn
join vendor_product_info_1je on vendor_product_info_1je.product_id = product_mcn.id
where price = (select min(price) from product_mcn
join vendor_product_info_1je on vendor_product_info_1je.product_id = product_mcn.id);

--7
select count(distinct brand) from product_mcn
where category = 'электронные часы';













